Census Tract,2023 Median Home Value
010070100.05,"$130,303"
010070100.06,"$142,424"
010090501.03,"$190,000"
010090501.04,"$208,259"
010090501.05,"$189,977"
010090501.06,"$137,007"
010090501.07,"$152,778"
010090502.00,"$97,838"
010090503.01,"$131,432"
010090503.02,"$91,696"
010090504.00,"$135,781"
010090505.01,"$158,977"
010090505.02,"$223,011"
010090506.01,"$139,877"
010090506.03,"$178,974"
010090506.04,"$195,860"
010090507.01,"$140,158"
010090507.02,"$142,105"
010150002.00,"$78,429"
010150003.00,"$55,284"
010150004.00,"$81,750"
010150005.00,"$38,503"
010150006.00,"$63,889"
010150007.00,"$211,272"
010150008.00,"$173,295"
010150009.00,"$202,103"
010150010.00,"$186,642"
010150011.01,"$272,443"
010150011.02,"$87,791"
010150011.03,"$181,960"
010150012.01,"$141,106"
010150012.02,"$142,163"
010150013.00,"$53,955"
010150014.00,"$99,188"
010150015.01,"$143,908"
010150015.02,"$176,361"
010150016.00,"$87,601"
010150017.00,"$143,272"
010150018.01,"$150,723"
010150018.02,"$146,985"
010150020.01,"$184,322"
010150020.02,"$220,944"
010150021.01,"$169,690"
010150021.02,"$175,373"
010150021.04,"$168,807"
010150021.05,"$166,146"
010150022.00,"$150,866"
010150023.00,"$91,729"
010150024.00,"$160,870"
010150025.02,"$188,129"
010150025.03,"$168,004"
010150025.04,"$165,571"
010150026.00,"$176,460"
010159819.01,$0
010159819.02,$0
010159819.03,$0
010199557.01,"$176,632"
010199557.02,"$137,000"
010199558.01,"$154,802"
010199558.02,"$199,672"
010199559.00,"$171,452"
010199560.00,"$263,971"
010199561.01,"$171,995"
010199561.02,"$161,082"
010279589.00,"$171,455"
010279590.00,"$174,000"
010279591.00,"$211,123"
010279592.00,"$102,521"
010299595.00,"$134,737"
010299596.00,"$162,647"
010299597.00,"$158,553"
010299598.00,"$181,061"
010330201.00,"$99,018"
010330202.00,"$107,538"
010330203.00,"$90,523"
010330204.00,"$150,867"
010330205.00,"$136,246"
010330206.00,"$131,626"
010330207.03,"$169,257"
010330207.04,"$133,595"
010330207.05,"$169,318"
010330207.06,"$208,370"
010330208.01,"$181,452"
010330208.02,"$136,010"
010330209.01,"$128,815"
010330209.02,"$143,726"
010330210.00,"$99,455"
010439641.00,"$152,811"
010439642.01,"$177,646"
010439642.02,"$182,158"
010439643.00,"$207,587"
010439644.00,"$194,714"
010439645.00,"$188,105"
010439646.00,"$208,484"
010439647.00,"$202,665"
010439648.00,"$203,196"
010439649.01,"$176,979"
010439649.02,"$228,125"
010439650.01,"$192,901"
010439650.02,"$148,058"
010439651.00,"$214,323"
010439652.00,"$185,417"
010439653.00,"$185,439"
010439654.01,"$150,588"
010439654.02,"$130,534"
010439655.01,"$167,788"
010439655.02,"$239,833"
010439656.00,"$238,393"
010439657.00,"$234,075"
010499601.01,"$123,494"
010499601.02,"$153,453"
010499602.00,"$94,430"
010499603.01,"$92,857"
010499603.02,"$95,519"
010499603.03,"$140,871"
010499604.01,"$87,825"
010499604.02,"$185,530"
010499605.00,"$115,369"
010499606.01,"$146,610"
010499606.02,"$98,534"
010499607.01,"$120,109"
010499607.02,"$206,364"
010499607.03,"$79,209"
010499608.00,"$110,241"
010499609.00,"$97,243"
010499610.00,"$133,288"
010499611.00,"$126,957"
010499612.00,"$208,562"
010499613.00,"$97,543"
010499614.00,"$177,778"
010550002.00,"$97,949"
010550003.00,"$93,207"
010550004.00,"$149,770"
010550005.00,"$53,108"
010550006.00,"$48,932"
010550007.00,"$42,857"
010550008.00,"$33,936"
010550009.00,"$66,632"
010550010.00,"$76,176"
010550011.00,"$315,511"
010550012.00,"$144,444"
010550013.00,"$75,500"
010550016.00,"$100,625"
010550017.00,"$80,618"
010550101.00,"$117,647"
010550102.01,"$116,267"
010550102.02,"$119,796"
010550103.00,"$136,364"
010550104.01,"$140,137"
010550104.02,"$267,769"
010550105.03,"$157,857"
010550105.04,"$221,387"
010550105.05,"$157,487"
010550105.06,"$235,362"
010550106.01,"$193,272"
010550106.02,"$155,754"
010550107.00,"$180,078"
010550108.00,"$146,859"
010550109.00,"$185,246"
010550110.01,"$177,839"
010550110.02,"$182,165"
010550111.00,"$144,108"
010550112.00,"$55,303"
010570200.00,"$103,571"
010570201.00,"$137,970"
010570202.00,"$144,258"
010570203.00,"$136,842"
010570204.00,"$112,025"
010599729.00,"$174,815"
010599730.00,"$94,960"
010599731.00,"$210,021"
010599732.00,"$117,397"
010599733.00,"$179,529"
010599734.00,"$129,737"
010599735.00,"$132,252"
010599736.00,"$132,143"
010599737.01,"$117,105"
010599737.02,"$121,875"
010599737.03,"$164,718"
010719501.01,"$146,531"
010719501.02,"$121,067"
010719502.00,"$125,767"
010719503.01,"$113,170"
010719503.02,"$88,514"
010719504.00,"$144,922"
010719505.00,"$114,286"
010719506.01,"$101,689"
010719506.02,"$90,141"
010719507.00,"$158,944"
010719508.00,"$108,784"
010719509.01,"$93,240"
010719509.02,"$207,990"
010719510.00,"$132,828"
010719511.01,"$132,340"
010719511.02,"$152,703"
010730001.00,"$89,126"
010730003.00,"$70,673"
010730004.00,"$68,505"
010730005.00,"$47,835"
010730007.00,"$70,896"
010730008.00,"$72,593"
010730011.00,"$113,498"
010730012.00,"$71,809"
010730014.00,"$89,750"
010730015.00,"$63,636"
010730016.00,"$84,864"
010730019.02,"$73,739"
010730020.00,"$90,139"
010730021.00,"$81,548"
010730022.00,"$82,587"
010730023.03,"$131,203"
010730023.05,"$293,006"
010730023.06,"$325,258"
010730024.01,"$228,879"
010730024.02,"$152,143"
010730027.01,"$290,000"
010730027.02,"$233,333"
010730029.00,"$131,250"
010730030.01,"$98,597"
010730030.02,"$123,214"
010730031.00,"$85,836"
010730032.00,"$83,333"
010730033.00,"$65,476"
010730034.00,"$78,452"
010730035.00,"$67,578"
010730036.00,"$92,965"
010730037.00,"$90,240"
010730038.02,"$80,667"
010730038.03,"$81,988"
010730039.00,"$89,754"
010730040.00,"$87,121"
010730042.00,"$94,866"
010730045.01,"$181,818"
010730045.02,"$200,000"
010730047.01,"$400,777"
010730047.02,"$485,398"
010730048.00,"$762,500"
010730049.01,"$436,508"
010730049.02,"$255,224"
010730050.00,"$226,261"
010730051.01,"$67,241"
010730051.03,"$157,645"
010730051.04,"$213,053"
010730052.00,"$91,865"
010730053.02,"$165,181"
010730055.00,"$71,316"
010730056.00,"$272,152"
010730057.01,"$70,758"
010730057.02,"$73,127"
010730058.00,"$203,827"
010730059.03,"$139,800"
010730059.05,"$159,600"
010730059.07,"$151,031"
010730059.08,"$111,760"
010730059.09,"$129,830"
010730059.10,"$179,095"
010730100.01,"$126,935"
010730100.02,"$144,756"
010730101.00,"$75,000"
010730102.00,"$77,429"
010730103.01,"$99,085"
010730103.02,"$205,784"
010730104.01,"$81,514"
010730104.02,"$194,796"
010730105.00,"$151,154"
010730106.03,"$149,524"
010730106.04,"$151,506"
010730106.05,"$71,012"
010730107.01,"$425,373"
010730107.02,"$450,136"
010730107.03,"$580,044"
010730107.04,"$376,606"
010730107.05,"$435,842"
010730107.06,"$287,010"
010730108.01,"$696,688"
010730108.02,"$819,814"
010730108.03,"$413,690"
010730108.04,"$603,291"
010730108.06,"$453,630"
010730108.07,"$336,446"
010730109.00,"$85,705"
010730110.02,"$92,276"
010730110.03,"$189,302"
010730110.04,"$249,826"
010730111.08,"$343,567"
010730111.09,"$343,554"
010730111.10,"$186,100"
010730111.12,"$133,292"
010730111.13,"$190,000"
010730111.14,"$332,883"
010730111.15,"$241,434"
010730111.16,"$370,986"
010730111.17,"$267,916"
010730112.05,"$182,440"
010730112.06,"$200,297"
010730112.07,"$150,250"
010730112.08,"$153,246"
010730112.09,"$131,550"
010730112.10,"$143,243"
010730113.01,"$161,134"
010730113.03,"$234,802"
010730113.04,"$301,374"
010730114.01,"$160,909"
010730114.02,"$262,611"
010730115.00,"$210,874"
010730116.00,"$205,944"
010730117.04,"$252,126"
010730117.06,"$243,684"
010730117.07,"$171,977"
010730117.08,"$249,359"
010730117.09,"$212,891"
010730117.10,"$221,897"
010730118.03,"$92,243"
010730118.04,"$134,211"
010730118.05,"$129,508"
010730118.06,"$120,213"
010730119.01,"$139,739"
010730119.04,"$168,076"
010730120.01,"$161,682"
010730120.03,"$212,747"
010730120.04,"$182,723"
010730121.03,"$142,165"
010730121.04,"$136,111"
010730122.00,"$177,717"
010730123.02,"$186,446"
010730123.04,"$167,109"
010730123.06,"$201,661"
010730123.07,"$196,122"
010730124.01,"$166,148"
010730124.02,"$111,810"
010730124.03,"$135,900"
010730125.00,"$79,123"
010730126.02,"$149,834"
010730127.01,"$261,491"
010730127.03,"$507,534"
010730127.04,"$299,537"
010730128.02,"$374,634"
010730128.04,"$366,880"
010730128.05,"$329,747"
010730129.05,"$572,877"
010730129.07,"$214,616"
010730129.08,"$212,610"
010730129.10,"$364,749"
010730129.11,"$543,905"
010730129.13,"$168,892"
010730129.14,"$751,330"
010730129.16,"$416,236"
010730129.17,"$417,094"
010730129.18,"$174,153"
010730129.19,"$172,059"
010730129.20,"$330,030"
010730129.21,"$407,242"
010730130.02,"$83,296"
010730131.00,"$86,003"
010730132.00,"$89,669"
010730133.00,"$92,697"
010730134.00,"$136,092"
010730136.01,"$75,380"
010730138.01,"$74,262"
010730139.01,"$195,076"
010730139.02,"$127,778"
010730140.01,"$196,528"
010730140.02,"$235,320"
010730141.04,"$231,982"
010730141.05,"$185,986"
010730141.06,"$194,656"
010730141.07,"$272,333"
010730142.05,"$318,174"
010730142.06,"$235,232"
010730142.07,"$219,721"
010730142.08,"$283,613"
010730142.09,"$334,936"
010730143.01,"$147,585"
010730143.03,"$367,130"
010730143.04,"$281,553"
010730144.04,"$357,277"
010730144.05,"$257,157"
010730144.06,"$350,313"
010730144.08,"$355,063"
010730144.09,"$316,821"
010730144.10,"$414,508"
010730144.12,"$284,741"
010730144.14,"$383,561"
010730144.15,"$411,641"
010750300.00,"$114,912"
010750301.01,"$123,301"
010750301.02,"$129,752"
010750302.00,"$143,239"
010770101.00,"$158,929"
010770102.00,"$273,077"
010770103.00,"$70,455"
010770104.00,"$231,553"
010770106.00,"$184,302"
010770107.00,"$53,676"
010770108.00,"$78,342"
010770109.01,"$192,273"
010770109.02,"$189,698"
010770110.00,"$134,668"
010770111.01,"$216,568"
010770111.02,"$171,088"
010770112.00,"$223,619"
010770113.00,"$154,787"
010770114.01,"$170,918"
010770114.02,"$125,559"
010770115.02,"$235,054"
010770115.03,"$314,983"
010770115.04,"$248,540"
010770116.02,"$166,878"
010770116.03,"$269,104"
010770116.05,"$349,398"
010770116.06,"$225,440"
010770117.00,"$145,192"
010770118.01,"$181,546"
010770118.02,"$292,888"
010799791.00,"$134,595"
010799792.01,"$97,362"
010799792.02,"$119,176"
010799793.00,"$161,937"
010799794.00,"$133,939"
010799795.01,"$101,705"
010799795.02,"$164,662"
010799796.00,"$156,646"
010799797.00,"$136,433"
010799798.00,"$181,509"
010799799.00,"$151,078"
010830201.01,"$236,979"
010830201.03,"$227,853"
010830201.04,"$227,995"
010830202.01,"$204,545"
010830202.02,"$217,977"
010830203.00,"$228,074"
010830204.02,"$199,126"
010830204.03,"$309,253"
010830204.04,"$326,211"
010830205.00,"$138,058"
010830206.00,"$138,739"
010830207.00,"$195,395"
010830208.03,"$229,303"
010830208.04,"$240,258"
010830208.05,"$191,969"
010830208.06,"$292,143"
010830209.00,"$251,422"
010830210.00,"$153,889"
010830211.01,"$298,138"
010830211.02,"$287,829"
010830212.01,"$361,278"
010830212.02,"$263,456"
010830212.03,"$243,734"
010890002.03,"$89,535"
010890003.01,"$81,499"
010890003.02,"$75,821"
010890004.03,"$183,462"
010890005.01,"$95,620"
010890005.02,"$91,637"
010890005.03,"$132,955"
010890006.01,"$96,444"
010890006.02,"$78,163"
010890007.01,"$88,854"
010890007.02,"$119,388"
010890009.01,"$247,222"
010890009.02,"$217,788"
010890010.00,"$289,450"
010890012.00,"$61,712"
010890013.01,"$138,710"
010890013.02,"$116,096"
010890014.01,"$333,493"
010890014.03,"$257,143"
010890014.04,"$168,302"
010890015.00,"$133,197"
010890017.00,"$410,667"
010890018.01,"$446,889"
010890019.01,"$472,111"
010890019.02,"$522,388"
010890019.03,"$521,658"
010890020.00,"$332,527"
010890021.00,"$68,462"
010890022.00,"$71,767"
010890023.00,"$90,225"
010890024.00,"$85,632"
010890025.01,"$47,917"
010890025.02,"$78,378"
010890026.00,"$337,552"
010890027.01,"$277,143"
010890027.21,"$276,133"
010890027.22,"$332,437"
010890028.01,"$222,145"
010890028.03,"$256,195"
010890028.04,"$256,579"
010890029.11,"$232,393"
010890029.12,"$277,113"
010890029.22,"$257,639"
010890029.23,"$254,255"
010890029.24,"$256,481"
010890030.00,"$159,426"
010890031.00,"$640,394"
010890101.01,"$272,010"
010890101.02,"$318,262"
010890102.00,"$299,681"
010890103.02,"$217,308"
010890103.03,"$228,004"
010890103.04,"$176,818"
010890104.03,"$206,024"
010890104.04,"$170,199"
010890104.05,"$236,667"
010890104.06,"$222,436"
010890105.02,"$259,437"
010890105.03,"$204,418"
010890105.04,"$383,309"
010890106.12,"$272,642"
010890106.23,"$359,888"
010890106.25,"$82,313"
010890106.26,"$239,831"
010890106.27,"$436,667"
010890106.28,"$262,736"
010890106.29,"$226,862"
010890106.30,"$328,134"
010890106.31,"$300,172"
010890107.03,"$256,728"
010890107.04,"$276,623"
010890107.05,"$296,507"
010890107.06,"$247,727"
010890108.01,"$298,152"
010890108.02,"$252,541"
010890109.02,"$309,265"
010890109.03,"$317,174"
010890109.04,"$362,426"
010890109.05,"$433,709"
010890110.12,"$478,873"
010890110.13,"$283,886"
010890110.21,"$290,086"
010890110.23,"$317,161"
010890110.24,"$335,236"
010890110.25,"$306,598"
010890110.26,"$417,102"
010890110.27,"$337,606"
010890110.28,"$162,821"
010890111.00,$0
010890112.01,"$352,172"
010890112.02,"$355,700"
010890112.03,"$310,242"
010890113.01,"$205,747"
010890113.02,"$388,086"
010890114.00,"$228,460"
010939640.01,"$77,370"
010939640.02,"$49,550"
010939641.00,"$122,391"
010939642.00,"$130,804"
010939643.00,"$113,057"
010939644.01,"$131,699"
010939644.02,"$159,500"
010939645.00,"$128,125"
010939646.00,"$114,126"
010939647.01,"$112,875"
010939647.02,"$144,267"
010950301.01,"$80,114"
010950301.02,"$202,941"
010950302.03,"$172,901"
010950302.04,"$267,391"
010950302.05,"$177,419"
010950302.06,"$359,685"
010950303.01,"$194,194"
010950303.02,"$216,262"
010950304.01,"$181,604"
010950304.02,"$189,115"
010950305.01,"$176,601"
010950305.02,"$208,475"
010950306.01,"$254,630"
010950306.02,"$239,323"
010950307.01,"$202,318"
010950307.02,"$204,873"
010950308.01,"$242,413"
010950308.03,"$158,333"
010950308.04,"$109,693"
010950309.02,"$188,678"
010950309.03,"$130,479"
010950309.04,"$120,814"
010950310.01,"$169,348"
010950310.02,"$131,154"
010950311.00,"$89,014"
010950312.00,"$153,451"
011030001.00,"$120,685"
011030002.00,"$232,647"
011030003.00,"$250,000"
011030004.00,"$167,653"
011030006.00,"$75,187"
011030007.00,"$85,299"
011030008.00,"$118,148"
011030009.00,"$130,052"
011030010.00,"$123,740"
011030051.01,"$214,471"
011030051.03,"$159,649"
011030051.05,"$270,213"
011030051.06,"$195,169"
011030051.07,"$245,093"
011030051.08,"$200,165"
011030051.09,"$120,196"
011030052.01,"$255,840"
011030052.02,"$236,842"
011030053.02,"$209,236"
011030053.03,"$167,405"
011030053.04,"$228,184"
011030053.05,"$232,595"
011030053.06,"$289,451"
011030054.04,"$248,625"
011030054.05,"$212,500"
011030055.00,"$205,859"
011030056.01,"$210,811"
011030056.02,"$211,522"
011030057.01,"$203,918"
011030057.03,"$208,945"
011030057.04,"$253,295"
011070500.00,"$135,806"
011070501.00,"$101,210"
011070502.00,"$183,942"
011070503.00,"$100,595"
011070504.01,"$99,870"
011070504.02,"$125,253"
011110001.00,"$180,897"
011110002.00,"$180,870"
011110003.00,"$272,662"
011110004.00,"$156,764"
011110005.00,"$142,097"
011110006.00,"$180,952"
011150401.04,"$164,227"
011150401.05,"$230,888"
011150401.07,"$236,263"
011150401.08,"$233,883"
011150401.09,"$218,195"
011150401.10,"$231,250"
011150402.06,"$250,000"
011150402.07,"$126,455"
011150402.08,"$148,538"
011150402.09,"$173,737"
011150402.10,"$340,494"
011150402.11,"$195,619"
011150402.12,"$354,314"
011150402.13,"$225,217"
011150403.01,"$182,460"
011150403.02,"$140,833"
011150404.01,"$186,000"
011150404.02,"$184,596"
011150405.03,"$282,216"
011150405.04,"$202,139"
011150405.05,"$231,418"
011150405.06,"$162,633"
011150405.07,"$221,909"
011150405.08,"$314,013"
011170301.02,"$256,836"
011170301.03,"$181,107"
011170302.11,"$456,471"
011170302.12,"$259,962"
011170302.15,"$251,683"
011170302.16,"$448,238"
011170302.18,"$291,395"
011170302.19,"$346,788"
011170302.20,"$646,861"
011170302.21,"$429,193"
011170303.04,"$371,833"
011170303.05,"$354,787"
011170303.06,"$169,028"
011170303.14,"$252,273"
011170303.15,"$215,752"
011170303.16,"$216,230"
011170303.17,"$205,361"
011170303.19,"$138,169"
011170303.20,"$199,563"
011170303.30,"$362,651"
011170303.31,"$328,304"
011170303.36,"$284,045"
011170303.37,"$237,500"
011170303.40,"$223,413"
011170303.41,"$214,029"
011170303.45,"$404,622"
011170303.46,"$393,290"
011170303.47,"$339,667"
011170303.48,"$399,905"
011170303.49,"$249,627"
011170303.50,"$351,358"
011170303.51,"$377,901"
011170303.52,"$363,441"
011170304.08,"$143,033"
011170306.07,"$279,391"
011170306.10,"$308,318"
011170306.12,"$312,172"
011170306.14,"$225,166"
011170306.15,"$375,232"
011170306.16,"$347,222"
011170307.01,"$296,343"
011170307.03,"$295,721"
011170308.00,"$334,066"
011170309.00,"$276,695"
011179800.00,$0
011179801.00,$0
011210101.01,"$211,564"
011210101.02,"$116,541"
011210102.01,"$104,620"
011210102.02,"$174,161"
011210103.01,"$95,219"
011210103.02,"$169,243"
011210104.00,"$100,000"
011210105.00,"$81,320"
011210106.00,"$59,150"
011210107.00,"$65,152"
011210109.00,"$113,235"
011210110.00,"$131,982"
011210111.00,"$97,571"
011210112.00,"$181,183"
011210113.01,"$89,359"
011210113.02,"$107,143"
011210114.00,"$131,061"
011210115.01,"$145,376"
011210115.02,"$99,922"
011210116.00,"$130,337"
011210117.00,"$92,012"
011250101.01,"$476,460"
011250101.02,"$312,705"
011250101.04,"$211,141"
011250101.05,"$188,862"
011250102.01,"$265,091"
011250102.03,"$401,724"
011250102.04,"$242,021"
011250102.05,"$302,847"
011250102.06,"$255,316"
011250103.02,"$182,258"
011250103.04,"$190,385"
011250103.05,"$276,652"
011250104.03,"$160,468"
011250104.04,"$165,337"
011250104.05,"$427,667"
011250104.06,"$410,406"
011250104.07,"$344,131"
011250105.00,"$91,736"
011250106.01,"$168,425"
011250106.03,"$260,300"
011250106.04,"$214,206"
011250107.03,"$187,336"
011250107.06,"$176,908"
011250108.03,"$205,944"
011250112.00,"$406,667"
011250114.02,"$459,630"
011250116.00,"$246,629"
011250126.00,"$458,442"
011250127.00,"$160,648"
011250128.00,"$175,000"
011270201.00,"$111,376"
011270202.00,"$164,266"
011270203.01,"$216,667"
011270203.02,"$182,487"
011270204.00,"$127,045"
011270206.00,"$94,941"
011270207.00,"$176,515"
011270208.01,"$135,714"
011270208.02,"$287,079"
011270209.00,"$124,618"
011270210.00,"$124,115"
011270211.00,"$79,237"
011270212.00,"$106,633"
011270213.00,"$137,795"
011270214.00,"$90,606"
011270215.00,"$107,963"
011270216.00,"$136,563"
011270217.00,"$115,688"
011270218.00,"$108,957"
011270219.00,"$91,939"
011339655.01,"$178,654"
011339655.02,"$309,036"
011339655.03,"$220,270"
011339656.01,"$72,426"
011339656.02,"$87,427"
011339657.00,"$148,913"
011339658.00,"$103,594"
011339659.00,"$97,561"
130159601.01,"$303,869"
130159601.03,"$277,493"
130159601.04,"$339,078"
130159601.05,"$336,806"
130159602.01,"$262,109"
130159602.02,"$209,743"
130159602.03,"$254,878"
130159603.01,"$276,439"
130159603.02,"$250,463"
130159604.03,"$271,296"
130159604.04,"$208,667"
130159604.05,"$227,422"
130159604.06,"$258,092"
130159604.07,"$271,148"
130159605.01,"$234,811"
130159605.02,"$283,660"
130159606.01,"$280,263"
130159606.02,"$207,237"
130159607.01,"$182,993"
130159607.02,"$319,330"
130159608.01,"$222,177"
130159608.02,"$60,600"
130159608.04,"$353,412"
130159608.05,"$119,118"
130159609.01,"$252,778"
130159609.02,"$269,884"
130159610.01,"$293,939"
130159610.02,"$281,555"
130351502.01,"$168,412"
130351503.00,"$225,349"
130459101.01,"$219,904"
130459101.03,"$245,963"
130459101.05,"$207,979"
130459101.06,"$227,176"
130459102.01,"$231,439"
130459102.02,"$211,899"
130459102.03,"$234,419"
130459103.01,"$189,320"
130459103.02,"$231,424"
130459104.00,"$244,728"
130459105.02,"$78,431"
130459105.03,"$203,667"
130459105.04,"$427,841"
130459106.00,"$236,127"
130459107.04,"$266,667"
130459107.05,"$223,821"
130459107.06,"$245,329"
130459107.07,"$238,968"
130459107.08,"$207,353"
130459107.09,"$245,783"
130459108.00,"$233,129"
130459109.00,"$273,469"
130459110.01,"$282,517"
130459110.02,"$226,720"
130459111.01,"$348,246"
130459111.02,"$272,807"
130459112.01,"$270,588"
130459112.02,"$229,083"
130470301.00,"$259,298"
130470302.01,"$237,174"
130470302.02,"$261,217"
130470303.03,"$286,450"
130470303.04,"$297,110"
130470303.05,"$236,340"
130470303.06,"$231,643"
130470304.02,"$229,598"
130470304.03,"$335,881"
130470304.04,"$262,069"
130470305.01,"$144,464"
130470305.02,"$184,696"
130470306.00,"$116,724"
130470307.01,"$164,876"
130470307.02,"$193,532"
130550101.00,"$154,839"
130550102.01,"$83,912"
130550102.02,"$41,636"
130550103.00,"$126,442"
130550104.01,"$93,617"
130550104.02,"$91,346"
130550105.01,"$144,444"
130550105.02,"$76,109"
130550106.00,"$90,642"
130570901.01,"$347,492"
130570901.02,"$435,128"
130570901.03,"$466,038"
130570902.01,"$398,551"
130570902.02,"$398,207"
130570903.01,"$438,021"
130570903.02,"$427,494"
130570903.03,"$419,655"
130570904.01,"$334,014"
130570904.02,"$361,532"
130570905.03,"$611,811"
130570905.04,"$468,766"
130570905.05,"$431,072"
130570905.06,"$464,953"
130570905.07,"$566,860"
130570906.03,"$394,011"
130570906.04,"$414,085"
130570906.05,"$429,167"
130570906.06,"$367,197"
130570907.03,"$281,154"
130570907.04,"$265,286"
130570907.05,"$360,085"
130570907.06,"$437,939"
130570907.07,"$266,262"
130570907.08,"$338,124"
130570907.09,"$373,753"
130570907.10,"$389,415"
130570908.05,"$426,835"
130570908.06,"$342,842"
130570908.07,"$364,390"
130570908.08,"$432,063"
130570908.09,"$426,129"
130570908.10,"$498,223"
130570909.05,"$313,911"
130570909.06,"$420,686"
130570909.07,"$356,171"
130570909.08,"$311,538"
130570909.09,"$481,462"
130570909.10,"$400,909"
130570909.11,"$439,531"
130570909.12,"$424,236"
130570910.01,"$426,648"
130570910.06,"$351,485"
130570910.07,"$377,397"
130570910.09,"$324,842"
130570910.10,"$437,626"
130570910.11,"$281,915"
130570910.12,"$378,484"
130570910.13,"$273,393"
130570910.14,"$241,359"
130570911.01,"$337,397"
130570911.04,"$322,862"
130570911.05,"$289,044"
130570911.06,"$322,774"
130570911.07,"$327,666"
130570911.08,"$321,489"
130630402.02,"$153,459"
130630402.03,"$182,974"
130630402.04,"$255,503"
130630403.02,"$70,833"
130630403.06,"$50,833"
130630403.07,"$179,525"
130630403.08,"$133,553"
130630403.09,"$93,229"
130630403.10,"$96,939"
130630404.07,"$186,556"
130630404.09,"$192,550"
130630404.10,"$198,546"
130630404.14,"$114,493"
130630404.16,"$126,172"
130630404.17,"$91,296"
130630404.18,"$162,798"
130630404.19,"$260,521"
130630404.20,"$215,788"
130630404.21,"$197,084"
130630404.22,"$40,000"
130630404.23,"$125,000"
130630404.24,"$89,286"
130630404.25,"$157,274"
130630404.26,"$215,261"
130630404.27,"$178,427"
130630405.09,"$180,860"
130630405.10,"$168,774"
130630405.12,"$178,459"
130630405.13,"$204,456"
130630405.18,"$152,353"
130630405.19,$0
130630405.21,"$89,583"
130630405.22,"$164,347"
130630405.23,"$169,351"
130630405.25,"$95,000"
130630405.27,"$212,667"
130630405.28,"$209,886"
130630405.29,"$183,721"
130630405.30,"$91,058"
130630405.31,"$139,167"
130630405.32,"$182,353"
130630405.33,"$124,262"
130630405.34,"$140,726"
130630405.35,"$192,811"
130630405.36,"$150,510"
130630405.37,"$231,690"
130630405.38,"$136,176"
130630406.06,"$213,210"
130630406.09,"$150,287"
130630406.14,"$307,553"
130630406.15,"$247,159"
130630406.17,"$27,810"
130630406.23,"$164,512"
130630406.24,"$207,930"
130630406.25,"$152,417"
130630406.26,"$187,776"
130630406.27,"$216,952"
130630406.28,"$255,988"
130630406.29,"$156,000"
130630406.30,"$168,889"
130630406.31,"$255,795"
130630406.32,"$160,920"
130630406.33,"$172,162"
130630406.34,"$63,824"
130630406.35,"$204,330"
130630406.36,"$252,391"
130630406.37,"$231,934"
130630406.38,"$238,995"
130630406.39,"$232,989"
130639800.00,$0
130670301.04,"$266,732"
130670301.07,"$297,766"
130670301.08,"$431,343"
130670301.09,"$379,827"
130670301.10,"$276,975"
130670301.11,"$322,321"
130670301.12,"$160,592"
130670301.13,"$280,916"
130670302.20,"$313,131"
130670302.33,"$344,350"
130670302.35,"$388,947"
130670302.36,"$426,755"
130670302.40,"$343,639"
130670302.41,"$362,528"
130670302.42,"$315,698"
130670302.43,"$305,611"
130670302.44,"$424,124"
130670302.45,"$352,000"
130670302.46,"$167,163"
130670302.47,"$247,205"
130670302.48,"$361,868"
130670302.49,"$216,597"
130670302.50,"$395,902"
130670302.51,"$439,286"
130670302.52,"$481,128"
130670302.53,"$489,286"
130670302.54,"$284,452"
130670302.55,"$229,278"
130670302.56,"$526,139"
130670302.57,"$405,344"
130670302.58,"$240,804"
130670302.59,"$308,772"
130670302.60,"$252,344"
130670302.61,"$323,378"
130670302.62,"$451,580"
130670302.63,"$479,688"
130670302.64,"$489,076"
130670302.65,"$480,719"
130670302.66,"$414,931"
130670302.67,"$399,878"
130670302.68,"$370,912"
130670302.69,"$388,743"
130670302.70,"$370,503"
130670302.71,"$353,616"
130670302.72,"$342,588"
130670302.73,"$338,313"
130670302.74,"$256,486"
130670302.75,"$248,776"
130670302.76,"$455,696"
130670302.77,"$346,972"
130670302.78,"$420,690"
130670303.19,"$586,478"
130670303.22,"$419,724"
130670303.24,"$318,443"
130670303.26,"$514,306"
130670303.27,"$495,047"
130670303.29,"$354,273"
130670303.31,"$439,245"
130670303.32,"$462,257"
130670303.34,"$506,615"
130670303.35,"$464,220"
130670303.37,"$558,449"
130670303.40,"$433,579"
130670303.41,"$397,632"
130670303.42,"$442,442"
130670303.43,"$506,259"
130670303.44,"$175,714"
130670303.45,"$356,550"
130670303.46,"$290,000"
130670303.47,"$299,099"
130670303.48,"$354,564"
130670303.49,"$324,132"
130670303.50,"$379,545"
130670303.51,"$496,059"
130670303.52,"$674,396"
130670303.53,"$450,576"
130670303.54,"$519,406"
130670303.55,$0
130670303.56,"$319,925"
130670303.57,"$397,428"
130670303.58,"$446,897"
130670303.59,"$458,234"
130670303.60,"$525,672"
130670303.61,"$337,031"
130670303.62,"$367,504"
130670303.63,"$298,229"
130670303.64,"$406,916"
130670303.65,"$484,196"
130670303.66,"$464,903"
130670303.67,"$615,614"
130670303.68,"$474,091"
130670303.69,"$600,885"
130670303.70,"$595,890"
130670304.05,"$338,835"
130670304.07,"$337,352"
130670304.08,"$363,019"
130670304.09,"$476,220"
130670304.10,"$356,192"
130670304.11,"$120,588"
130670304.12,"$143,276"
130670304.13,"$197,959"
130670304.14,$0
130670305.05,"$318,317"
130670305.06,"$337,671"
130670305.07,"$356,142"
130670305.08,"$292,548"
130670305.09,"$378,444"
130670305.10,"$587,542"
130670305.11,"$344,746"
130670306.02,"$482,432"
130670306.03,"$342,170"
130670306.04,"$243,396"
130670307.00,"$375,862"
130670308.00,"$459,146"
130670309.06,"$383,363"
130670309.07,"$361,263"
130670309.08,"$239,164"
130670309.09,"$273,191"
130670309.10,"$270,098"
130670309.11,"$336,525"
130670309.12,"$383,696"
130670310.01,"$133,207"
130670310.04,"$262,772"
130670310.05,"$245,486"
130670310.06,"$211,705"
130670310.07,"$248,512"
130670311.01,"$356,831"
130670311.10,"$368,610"
130670311.11,"$363,462"
130670311.12,"$435,908"
130670311.13,"$343,382"
130670311.14,"$267,021"
130670311.15,"$353,388"
130670311.16,"$298,333"
130670311.17,"$381,662"
130670311.18,"$420,784"
130670311.19,"$274,051"
130670311.20,"$364,836"
130670311.21,"$251,398"
130670311.22,"$404,167"
130670312.07,"$581,341"
130670312.09,"$526,066"
130670312.12,"$726,207"
130670312.13,"$527,102"
130670312.14,"$348,349"
130670312.15,"$434,601"
130670312.16,"$491,969"
130670312.17,"$427,292"
130670312.18,"$590,726"
130670312.19,"$539,384"
130670312.20,"$385,682"
130670312.21,"$399,146"
130670313.06,"$336,855"
130670313.08,"$214,404"
130670313.14,"$359,211"
130670313.15,"$493,798"
130670313.16,"$351,289"
130670313.17,"$280,063"
130670313.18,"$174,479"
130670313.19,"$183,776"
130670313.20,"$147,775"
130670313.21,"$32,713"
130670313.22,"$230,428"
130670313.23,"$321,165"
130670313.24,"$309,911"
130670313.25,"$407,222"
130670314.09,"$244,679"
130670314.10,"$286,061"
130670314.11,"$240,789"
130670314.12,"$130,566"
130670314.13,"$221,866"
130670314.14,"$279,422"
130670314.15,"$232,672"
130670314.16,"$212,392"
130670314.17,"$264,173"
130670315.06,"$304,693"
130670315.07,"$250,954"
130670315.10,"$334,982"
130670315.11,"$336,026"
130670315.12,"$212,284"
130670315.13,"$228,846"
130670315.14,"$313,564"
130670315.15,"$415,947"
130670315.16,"$377,618"
130670315.17,"$342,804"
130670315.18,"$273,601"
130771701.01,"$261,066"
130771701.02,"$275,000"
130771702.00,"$214,968"
130771703.03,"$355,175"
130771703.04,"$291,129"
130771703.07,"$229,376"
130771703.08,"$257,558"
130771703.09,"$288,839"
130771703.10,"$276,623"
130771704.03,"$396,771"
130771704.04,"$319,205"
130771704.05,"$230,137"
130771704.06,"$363,916"
130771704.07,"$232,222"
130771704.08,"$354,918"
130771705.01,"$317,726"
130771705.02,"$360,733"
130771705.03,"$341,605"
130771706.03,"$251,914"
130771706.04,"$261,473"
130771706.05,"$242,188"
130771706.06,"$268,519"
130771706.07,"$346,711"
130771707.01,"$228,610"
130771707.02,"$251,757"
130771708.01,"$211,521"
130771708.02,"$324,125"
130830401.02,"$185,500"
130830401.03,"$140,355"
130830401.04,"$125,806"
130830402.00,"$149,328"
130830403.00,"$287,821"
130859701.01,"$436,482"
130859701.02,"$252,462"
130859701.03,"$298,321"
130859702.03,"$441,576"
130859702.04,"$293,344"
130859702.05,"$232,986"
130859702.06,"$266,846"
130890201.00,"$741,004"
130890202.00,"$623,442"
130890203.00,"$645,620"
130890204.00,"$628,762"
130890205.00,"$487,730"
130890206.00,"$383,333"
130890207.00,"$487,349"
130890208.01,"$515,269"
130890208.02,"$498,355"
130890209.01,"$537,325"
130890209.02,"$361,471"
130890211.01,"$688,464"
130890211.03,"$587,658"
130890211.04,"$621,000"
130890212.04,"$333,333"
130890212.08,"$359,585"
130890212.10,"$503,029"
130890212.11,"$447,442"
130890212.13,"$616,818"
130890212.17,"$429,121"
130890212.19,"$589,896"
130890212.20,"$517,045"
130890212.21,"$526,849"
130890212.22,"$487,156"
130890212.23,"$607,500"
130890212.24,"$334,986"
130890212.25,"$498,851"
130890212.26,"$427,778"
130890212.27,"$585,338"
130890212.28,"$605,581"
130890212.29,"$583,999"
130890212.30,"$527,322"
130890213.01,"$383,621"
130890213.05,"$386,447"
130890213.06,"$287,155"
130890213.07,"$300,373"
130890213.08,"$325,123"
130890213.09,"$202,907"
130890213.10,"$220,588"
130890214.05,"$661,064"
130890214.09,"$313,816"
130890214.10,"$334,406"
130890214.11,"$762,500"
130890214.12,"$604,488"
130890214.15,"$617,796"
130890214.16,"$510,662"
130890214.17,"$302,174"
130890214.18,"$402,381"
130890214.19,"$372,013"
130890214.20,"$401,042"
130890214.21,"$460,976"
130890215.02,"$521,752"
130890215.03,"$465,806"
130890215.05,"$555,322"
130890215.06,"$488,235"
130890216.02,"$529,209"
130890216.04,"$566,388"
130890216.06,"$422,840"
130890216.07,"$283,466"
130890216.08,"$430,233"
130890216.09,"$592,949"
130890217.03,"$521,181"
130890217.07,"$486,149"
130890217.08,"$379,384"
130890217.09,"$472,093"
130890217.10,"$461,207"
130890217.11,"$353,488"
130890217.12,"$351,531"
130890218.08,"$371,419"
130890218.12,"$339,437"
130890218.13,$0
130890218.15,"$135,957"
130890218.16,"$219,907"
130890218.17,"$270,687"
130890218.18,"$281,099"
130890218.19,"$347,523"
130890218.20,"$323,874"
130890218.21,"$349,375"
130890218.22,"$321,672"
130890218.23,"$344,238"
130890218.24,"$114,151"
130890219.06,"$209,714"
130890219.08,"$283,634"
130890219.10,"$178,983"
130890219.11,"$71,250"
130890219.12,"$454,843"
130890219.13,"$91,477"
130890219.14,"$230,128"
130890219.15,"$258,824"
130890219.16,"$211,404"
130890219.17,"$266,975"
130890220.01,"$312,162"
130890220.05,"$229,670"
130890220.07,"$151,163"
130890220.10,"$251,471"
130890220.11,"$249,000"
130890220.12,"$114,693"
130890220.13,"$163,514"
130890220.14,"$92,308"
130890220.15,"$260,256"
130890220.16,"$189,187"
130890221.00,"$347,326"
130890222.03,"$428,261"
130890222.05,"$303,899"
130890222.06,"$334,426"
130890223.02,"$394,717"
130890223.03,"$379,967"
130890223.04,"$392,081"
130890224.01,"$641,164"
130890224.03,"$732,904"
130890224.04,$0
130890224.05,"$519,366"
130890225.01,"$536,111"
130890225.02,"$647,964"
130890226.01,"$563,496"
130890226.02,"$589,286"
130890227.00,"$649,236"
130890228.00,"$638,942"
130890229.00,"$416,889"
130890230.00,"$560,065"
130890231.01,"$282,182"
130890231.02,"$398,000"
130890231.07,"$226,977"
130890231.08,"$179,184"
130890231.11,"$246,899"
130890231.12,"$259,828"
130890231.13,"$354,575"
130890231.14,"$276,157"
130890231.15,$0
130890232.09,"$186,447"
130890232.11,"$225,084"
130890232.12,"$289,286"
130890232.13,"$205,432"
130890232.14,"$192,711"
130890232.15,"$221,250"
130890232.16,"$249,355"
130890232.17,"$236,339"
130890232.18,"$154,167"
130890232.19,"$144,942"
130890232.20,"$227,360"
130890232.21,"$194,324"
130890232.22,"$204,677"
130890233.11,"$248,895"
130890233.13,"$170,536"
130890233.15,"$292,308"
130890233.17,"$62,109"
130890233.18,"$287,876"
130890233.19,"$253,870"
130890233.20,"$119,928"
130890233.21,"$130,233"
130890233.22,"$235,865"
130890233.23,"$273,817"
130890233.24,"$332,584"
130890233.25,"$247,584"
130890233.26,"$259,722"
130890233.27,"$170,115"
130890233.28,"$134,681"
130890233.29,"$253,037"
130890233.30,"$223,359"
130890233.31,"$142,092"
130890233.32,"$108,769"
130890234.10,"$228,799"
130890234.11,"$245,000"
130890234.13,"$252,824"
130890234.22,"$225,988"
130890234.24,"$227,333"
130890234.25,"$238,058"
130890234.26,"$303,146"
130890234.27,"$278,906"
130890234.29,"$221,708"
130890234.30,"$80,000"
130890234.31,"$173,276"
130890234.32,"$181,180"
130890234.33,"$363,274"
130890234.34,"$309,647"
130890234.35,"$259,766"
130890234.36,"$261,488"
130890234.37,"$264,420"
130890234.38,"$165,859"
130890234.39,"$128,571"
130890234.40,"$263,218"
130890234.41,"$213,241"
130890234.42,"$281,000"
130890234.43,"$249,271"
130890234.44,"$209,706"
130890234.45,"$220,335"
130890234.46,"$179,545"
130890234.47,"$259,909"
130890234.48,"$216,854"
130890235.01,"$267,587"
130890235.04,"$118,500"
130890235.05,"$260,741"
130890235.06,"$222,400"
130890235.07,"$218,860"
130890236.01,"$321,988"
130890236.02,"$265,108"
130890236.03,"$145,506"
130890237.01,"$332,160"
130890237.02,"$353,663"
130890238.01,"$345,041"
130890238.02,"$344,118"
130890238.03,"$255,556"
130899800.00,$0
130970801.04,"$197,615"
130970801.05,"$338,132"
130970801.06,"$262,010"
130970801.07,"$227,500"
130970802.01,"$189,947"
130970802.03,"$162,563"
130970802.04,"$164,518"
130970803.03,"$172,443"
130970803.04,"$256,383"
130970803.05,"$190,483"
130970803.06,"$179,289"
130970803.07,"$174,459"
130970804.03,"$229,063"
130970804.05,"$319,520"
130970804.06,"$301,684"
130970804.07,"$258,063"
130970804.08,"$188,636"
130970805.05,"$170,028"
130970805.06,"$217,763"
130970805.07,"$302,208"
130970805.08,"$194,990"
130970805.09,"$285,661"
130970805.12,"$247,774"
130970805.13,"$198,611"
130970805.14,"$343,040"
130970805.15,"$192,606"
130970806.02,"$276,868"
130970806.05,"$171,356"
130970806.06,"$216,840"
130970806.07,"$257,787"
130970806.08,"$275,633"
131110501.00,"$315,761"
131110502.00,"$250,375"
131110503.00,"$254,348"
131110504.00,"$265,794"
131110505.00,"$303,835"
131131401.02,"$260,206"
131131401.03,"$295,690"
131131401.04,"$331,690"
131131402.03,"$341,729"
131131402.04,"$326,322"
131131402.06,"$603,186"
131131402.07,"$455,736"
131131402.09,"$342,901"
131131402.10,"$386,339"
131131403.03,"$378,618"
131131403.04,"$320,622"
131131403.05,"$387,234"
131131403.07,"$507,918"
131131403.08,"$407,949"
131131403.09,"$304,339"
131131404.03,"$308,898"
131131404.04,"$253,065"
131131404.05,"$324,190"
131131404.06,"$220,588"
131131404.08,"$244,862"
131131404.09,"$317,248"
131131404.10,"$248,460"
131131405.01,"$460,317"
131131405.02,"$428,462"
131150001.00,"$180,030"
131150002.02,"$276,818"
131150002.03,"$317,271"
131150002.04,"$177,660"
131150003.00,"$321,212"
131150004.01,"$159,283"
131150004.02,"$264,919"
131150004.03,"$131,349"
131150005.00,"$147,222"
131150006.00,"$128,571"
131150007.00,"$283,364"
131150008.00,"$273,372"
131150009.00,"$329,006"
131150011.00,"$324,194"
131150012.00,"$225,481"
131150013.01,"$155,178"
131150013.02,"$183,125"
131150014.00,"$319,452"
131150016.00,"$95,128"
131150017.03,"$208,082"
131150017.04,"$218,204"
131150017.05,"$223,013"
131150017.06,"$247,802"
131150018.00,"$151,471"
131150020.00,"$195,064"
131150021.00,"$83,859"
131171301.01,"$462,857"
131171301.02,"$404,040"
131171301.03,"$388,525"
131171301.05,"$589,692"
131171302.01,"$444,118"
131171302.02,"$466,570"
131171302.03,"$382,878"
131171302.04,"$365,152"
131171302.05,"$354,981"
131171303.01,"$449,885"
131171303.02,"$500,000"
131171303.03,"$588,773"
131171303.04,"$473,718"
131171303.05,"$433,919"
131171303.06,"$519,638"
131171303.07,"$473,432"
131171304.06,"$366,478"
131171304.09,"$277,576"
131171304.10,"$389,939"
131171304.11,"$429,098"
131171304.12,"$535,836"
131171304.13,"$356,757"
131171304.14,"$429,938"
131171304.15,"$437,031"
131171305.03,"$621,599"
131171305.04,"$429,560"
131171305.05,"$598,558"
131171305.06,"$416,475"
131171305.07,"$526,089"
131171305.08,"$522,716"
131171305.09,"$394,144"
131171305.11,"$585,438"
131171305.12,"$475,971"
131171306.01,"$466,162"
131171306.02,"$439,161"
131171306.03,"$454,626"
131171306.04,"$463,574"
131171306.05,"$468,906"
131171306.06,"$472,994"
131171306.07,"$477,965"
131171306.08,"$625,000"
131171306.09,"$530,556"
131171306.10,"$570,753"
131171306.11,"$555,068"
131171306.13,"$567,017"
131171306.14,"$519,563"
131171306.15,"$644,403"
131210001.00,"$824,698"
131210002.01,"$692,281"
131210002.02,"$786,226"
131210004.00,"$778,333"
131210005.01,"$353,353"
131210005.02,"$990,979"
131210006.01,"$342,411"
131210006.02,"$268,116"
131210007.00,"$393,182"
131210010.01,"$430,201"
131210010.02,"$430,000"
131210011.01,"$371,644"
131210011.02,"$478,846"
131210012.03,"$688,636"
131210012.04,"$519,149"
131210012.05,"$361,667"
131210012.06,"$427,578"
131210013.01,"$714,286"
131210013.02,"$513,060"
131210014.00,"$617,788"
131210015.01,"$658,635"
131210015.02,"$835,726"
131210016.00,"$714,416"
131210017.01,"$638,971"
131210017.02,"$1,015,823"
131210018.01,"$284,406"
131210018.02,"$297,047"
131210019.01,$0
131210019.02,"$386,190"
131210021.00,"$369,307"
131210023.00,"$111,364"
131210024.00,"$289,118"
131210025.00,"$227,500"
131210026.00,"$198,485"
131210028.01,"$157,500"
131210028.02,"$187,097"
131210029.00,"$436,275"
131210030.00,"$684,382"
131210031.00,"$500,000"
131210032.00,"$464,901"
131210035.00,"$279,286"
131210036.00,"$363,636"
131210037.00,"$345,833"
131210038.00,$0
131210039.00,"$266,772"
131210040.00,"$280,303"
131210041.00,"$354,798"
131210042.00,"$307,738"
131210043.00,"$292,241"
131210044.00,"$135,714"
131210048.00,"$285,000"
131210049.00,"$489,181"
131210050.00,"$454,483"
131210052.00,"$443,109"
131210053.00,"$492,256"
131210055.01,"$375,617"
131210055.03,"$218,182"
131210055.04,"$188,393"
131210057.00,"$206,383"
131210058.00,"$335,714"
131210060.00,"$341,150"
131210061.00,"$92,438"
131210062.00,"$327,982"
131210063.00,"$164,552"
131210064.00,"$443,478"
131210065.00,"$282,576"
131210066.01,"$277,167"
131210066.02,"$124,638"
131210067.01,"$251,786"
131210067.02,"$226,966"
131210068.01,$0
131210068.02,"$95,833"
131210069.00,"$364,427"
131210070.01,"$115,833"
131210070.02,"$205,769"
131210071.00,"$99,713"
131210072.00,"$213,636"
131210073.01,"$164,665"
131210073.02,"$99,725"
131210074.00,"$218,095"
131210075.00,"$160,227"
131210076.02,"$264,000"
131210076.03,"$155,903"
131210076.04,"$179,000"
131210077.03,"$251,693"
131210077.05,"$257,400"
131210077.07,"$340,031"
131210077.08,"$237,912"
131210077.09,"$233,333"
131210077.10,"$263,529"
131210077.11,"$226,555"
131210078.05,"$170,000"
131210078.06,"$159,747"
131210078.07,"$111,458"
131210078.08,"$81,683"
131210078.09,"$246,035"
131210078.10,"$243,720"
131210079.00,"$308,754"
131210080.00,"$270,588"
131210081.03,"$244,776"
131210081.04,"$251,642"
131210082.02,"$87,248"
131210082.03,"$245,588"
131210082.04,"$183,654"
131210083.01,"$142,925"
131210083.02,"$184,055"
131210084.00,"$180,292"
131210085.00,"$99,432"
131210086.01,"$150,340"
131210086.02,"$291,901"
131210087.01,"$162,016"
131210087.02,"$425,000"
131210088.01,"$382,225"
131210088.02,"$436,538"
131210089.03,"$266,319"
131210089.05,"$447,885"
131210089.06,"$579,504"
131210089.07,"$289,365"
131210089.08,"$596,591"
131210089.09,"$225,893"
131210090.01,"$660,976"
131210090.02,"$860,175"
131210091.03,"$594,340"
131210091.04,"$324,395"
131210091.05,"$1,195,076"
131210091.06,"$368,250"
131210092.01,"$369,802"
131210092.02,"$517,857"
131210092.03,"$470,349"
131210093.01,"$740,642"
131210093.02,"$676,724"
131210094.05,"$395,349"
131210094.06,"$425,172"
131210094.07,"$300,862"
131210094.08,"$254,630"
131210094.09,"$486,905"
131210094.10,"$698,758"
131210094.11,"$458,974"
131210095.01,"$1,125,899"
131210095.03,"$152,983"
131210095.04,"$383,333"
131210096.01,"$506,696"
131210096.04,"$737,552"
131210096.05,"$345,152"
131210096.06,"$746,528"
131210096.07,"$541,538"
131210097.00,"$863,487"
131210098.02,"$1,251,163"
131210098.03,"$728,430"
131210098.04,"$1,055,556"
131210099.00,"$1,100,216"
131210100.03,"$476,935"
131210100.04,"$750,000"
131210100.05,"$1,091,887"
131210100.06,"$768,662"
131210100.07,"$886,513"
131210101.06,"$537,271"
131210101.07,"$743,569"
131210101.08,"$647,574"
131210101.15,"$779,321"
131210101.17,"$462,626"
131210101.20,"$229,441"
131210101.21,"$452,119"
131210101.24,"$202,273"
131210101.25,"$284,848"
131210101.26,"$166,208"
131210101.27,"$463,333"
131210101.28,"$340,000"
131210101.29,"$634,171"
131210101.30,"$470,918"
131210101.31,"$567,593"
131210101.32,"$478,392"
131210101.33,"$538,265"
131210101.34,"$140,873"
131210101.35,"$567,844"
131210101.36,"$678,354"
131210101.37,"$674,774"
131210102.04,"$684,126"
131210102.11,"$898,885"
131210102.12,"$633,413"
131210102.13,"$172,134"
131210102.14,"$614,224"
131210102.15,"$621,968"
131210102.16,"$358,791"
131210102.17,"$573,667"
131210102.18,"$128,670"
131210102.19,"$301,020"
131210102.20,"$544,301"
131210102.21,"$454,237"
131210102.22,"$894,330"
131210102.23,"$857,639"
131210103.05,"$306,516"
131210103.06,"$305,914"
131210103.07,"$331,615"
131210103.08,"$311,669"
131210103.09,"$316,324"
131210103.10,"$359,375"
131210103.11,"$262,157"
131210103.12,"$361,937"
131210103.13,"$317,073"
131210103.14,"$195,402"
131210103.15,"$285,872"
131210104.01,"$136,628"
131210104.02,"$271,389"
131210105.08,"$170,669"
131210105.17,"$186,345"
131210105.18,"$204,266"
131210105.19,"$266,710"
131210105.20,"$298,389"
131210105.21,"$172,245"
131210105.22,"$109,688"
131210105.23,"$141,071"
131210105.24,"$118,644"
131210105.25,"$136,786"
131210105.26,"$291,133"
131210105.27,"$108,175"
131210105.28,"$163,710"
131210105.29,"$188,313"
131210105.30,"$267,727"
131210105.31,"$201,164"
131210105.32,"$164,127"
131210105.33,"$189,224"
131210105.34,"$232,285"
131210105.35,"$228,721"
131210105.36,"$242,416"
131210105.37,"$239,317"
131210105.38,"$239,200"
131210105.39,"$247,315"
131210105.40,"$189,924"
131210106.01,"$355,952"
131210106.03,"$262,329"
131210106.04,"$273,201"
131210108.01,"$259,006"
131210108.02,"$292,819"
131210110.00,"$105,882"
131210111.00,"$255,853"
131210112.02,"$253,010"
131210112.03,"$159,118"
131210112.04,"$203,226"
131210113.01,"$257,037"
131210113.06,"$226,923"
131210113.07,"$158,571"
131210113.08,"$238,333"
131210113.09,"$238,072"
131210113.10,"$188,084"
131210114.16,"$386,384"
131210114.17,"$378,580"
131210114.19,"$489,647"
131210114.21,"$269,048"
131210114.22,"$474,841"
131210114.23,"$484,777"
131210114.24,"$502,259"
131210114.26,"$567,599"
131210114.28,"$537,927"
131210114.29,"$360,223"
131210114.30,"$135,938"
131210114.31,"$194,141"
131210114.32,"$304,745"
131210114.33,"$472,183"
131210114.34,"$327,549"
131210114.35,"$326,931"
131210114.36,"$394,955"
131210114.37,"$385,180"
131210114.38,"$428,902"
131210114.39,"$540,992"
131210114.40,"$664,738"
131210114.41,"$378,392"
131210114.42,"$550,279"
131210114.43,"$660,603"
131210114.44,"$725,636"
131210114.45,"$613,839"
131210114.46,"$543,620"
131210115.05,"$536,205"
131210115.07,"$850,041"
131210115.08,"$689,747"
131210115.09,"$807,779"
131210115.10,"$585,809"
131210115.11,"$625,906"
131210115.12,"$587,193"
131210115.13,"$493,103"
131210115.14,"$809,987"
131210115.15,"$669,086"
131210116.12,"$597,817"
131210116.18,"$590,517"
131210116.24,"$569,584"
131210116.27,"$776,743"
131210116.28,"$574,000"
131210116.29,"$483,400"
131210116.30,"$372,678"
131210116.31,"$367,607"
131210116.32,"$529,793"
131210116.33,"$351,817"
131210116.34,"$301,117"
131210116.35,"$452,390"
131210116.36,"$227,500"
131210116.37,"$617,212"
131210116.38,"$454,237"
131210116.39,"$590,035"
131210116.40,"$602,539"
131210116.41,"$735,732"
131210116.42,"$341,627"
131210116.43,"$324,917"
131210116.44,"$281,365"
131210116.45,"$332,661"
131210116.46,"$391,707"
131210116.47,"$305,814"
131210116.48,"$450,309"
131210116.49,"$544,944"
131210116.50,"$464,455"
131210116.51,"$561,404"
131210116.52,"$560,897"
131210116.53,"$694,970"
131210116.54,"$430,882"
131210116.55,"$478,604"
131210116.56,"$539,228"
131210116.57,"$441,463"
131210116.58,"$380,612"
131210116.59,"$554,348"
131210116.60,"$406,024"
131210116.61,"$642,135"
131210118.01,"$374,654"
131210118.02,"$323,438"
131210119.01,"$153,481"
131210119.02,"$305,000"
131210120.00,"$160,714"
131210123.00,"$381,988"
131219800.00,$0
131230801.00,"$294,184"
131230802.00,"$318,045"
131230803.01,"$257,005"
131230803.02,"$287,745"
131230804.01,"$227,273"
131230804.02,"$229,551"
131230804.03,"$213,030"
131230805.00,"$271,992"
131299701.01,"$268,378"
131299701.02,"$220,425"
131299702.01,"$161,760"
131299702.02,"$223,760"
131299703.01,"$132,083"
131299703.02,"$165,489"
131299704.00,"$218,367"
131299705.00,"$201,515"
131299706.01,"$169,863"
131299706.02,"$148,947"
131299707.00,"$206,071"
131299708.01,"$211,905"
131299708.02,"$172,509"
131299709.01,"$192,355"
131299709.02,"$203,000"
131350501.05,"$315,625"
131350501.10,"$363,283"
131350501.11,"$314,189"
131350501.12,"$286,792"
131350501.13,"$316,829"
131350501.14,"$341,250"
131350501.16,"$458,809"
131350501.17,"$346,989"
131350501.18,"$365,870"
131350501.19,"$384,486"
131350501.20,"$362,436"
131350501.21,"$338,286"
131350502.05,"$288,431"
131350502.15,"$331,944"
131350502.18,"$310,028"
131350502.19,"$297,417"
131350502.21,"$220,143"
131350502.22,"$321,973"
131350502.23,"$295,166"
131350502.24,"$384,774"
131350502.26,"$279,332"
131350502.27,"$524,265"
131350502.28,"$185,586"
131350502.29,"$217,391"
131350502.30,"$263,525"
131350502.31,"$454,114"
131350502.32,"$389,789"
131350502.33,"$411,458"
131350502.34,"$382,895"
131350502.35,"$352,049"
131350502.36,"$442,437"
131350502.37,"$387,047"
131350502.38,"$751,984"
131350502.39,"$414,872"
131350502.40,"$366,699"
131350502.41,"$353,307"
131350502.42,"$431,890"
131350502.43,"$464,217"
131350502.44,"$411,790"
131350503.06,"$324,038"
131350503.08,"$561,669"
131350503.11,"$510,471"
131350503.15,"$338,636"
131350503.17,"$122,135"
131350503.18,"$242,353"
131350503.21,"$460,882"
131350503.22,"$466,314"
131350503.23,"$466,009"
131350503.24,"$373,706"
131350503.25,"$324,718"
131350503.26,"$331,188"
131350503.27,"$389,516"
131350503.28,"$155,962"
131350503.29,"$218,605"
131350503.30,"$245,640"
131350503.31,"$349,679"
131350503.32,"$246,951"
131350503.33,"$177,679"
131350503.34,"$225,546"
131350503.35,"$420,388"
131350503.36,"$332,647"
131350504.15,"$307,268"
131350504.16,"$302,251"
131350504.25,"$366,601"
131350504.27,"$318,878"
131350504.30,"$333,514"
131350504.33,"$277,457"
131350504.35,"$275,862"
131350504.37,"$234,233"
131350504.38,"$137,685"
131350504.39,"$138,261"
131350504.40,"$216,946"
131350504.41,"$306,667"
131350504.42,"$246,212"
131350504.43,"$331,034"
131350504.44,"$268,956"
131350504.45,"$221,445"
131350504.46,"$230,804"
131350504.47,"$126,531"
131350504.48,"$169,318"
131350504.49,"$336,070"
131350504.50,"$262,209"
131350504.51,"$120,556"
131350504.52,"$238,958"
131350504.53,"$267,478"
131350504.54,"$184,459"
131350504.55,"$164,535"
131350504.56,"$261,421"
131350504.57,"$306,667"
131350504.58,"$347,087"
131350504.59,"$261,228"
131350504.60,"$238,830"
131350504.61,"$316,835"
131350504.62,"$341,758"
131350504.63,"$350,000"
131350504.64,"$339,196"
131350504.65,"$278,917"
131350504.66,"$371,254"
131350505.20,"$316,808"
131350505.26,"$217,593"
131350505.29,"$271,791"
131350505.30,"$343,790"
131350505.36,"$244,058"
131350505.37,"$221,429"
131350505.39,"$247,466"
131350505.41,"$791,667"
131350505.42,"$206,757"
131350505.49,"$304,950"
131350505.50,"$313,106"
131350505.51,"$332,270"
131350505.52,"$313,717"
131350505.53,"$355,981"
131350505.54,"$291,667"
131350505.55,"$316,597"
131350505.56,"$236,842"
131350505.57,"$218,108"
131350505.58,"$217,986"
131350505.59,"$271,914"
131350505.60,"$557,773"
131350505.61,"$272,912"
131350505.62,"$273,448"
131350505.65,"$294,278"
131350505.66,"$302,564"
131350505.67,"$245,697"
131350505.68,"$280,569"
131350505.74,"$251,442"
131350505.75,"$229,680"
131350505.76,"$168,610"
131350505.77,"$284,302"
131350505.89,"$330,230"
131350505.90,"$293,097"
131350505.91,"$352,523"
131350507.15,"$317,003"
131350507.19,"$266,795"
131350507.22,"$308,865"
131350507.25,"$277,981"
131350507.29,"$219,743"
131350507.32,"$306,414"
131350507.33,"$238,376"
131350507.34,"$309,821"
131350507.38,"$279,638"
131350507.39,"$403,000"
131350507.49,"$347,929"
131350507.50,"$369,810"
131350507.56,"$453,132"
131350507.57,"$361,187"
131350507.60,"$367,356"
131350507.61,"$361,765"
131350507.62,"$434,598"
131350507.63,"$292,545"
131350507.64,"$354,225"
131350507.65,"$366,988"
131390015.02,"$371,716"
131430101.00,"$228,488"
131430102.01,"$174,686"
131430102.02,"$176,914"
131430103.01,"$222,186"
131430103.03,"$174,750"
131430103.04,"$260,993"
131430104.01,"$109,211"
131430104.02,"$172,945"
131499701.00,"$164,035"
131499702.00,"$152,490"
131499703.00,"$143,555"
131510701.09,"$217,463"
131510701.13,"$138,937"
131510701.14,"$253,416"
131510701.15,"$193,802"
131510701.16,"$198,636"
131510701.17,"$219,474"
131510701.18,"$315,074"
131510701.19,"$143,688"
131510701.20,"$191,176"
131510701.21,"$298,864"
131510701.22,"$236,364"
131510701.23,"$235,541"
131510701.24,"$235,832"
131510701.25,"$193,134"
131510701.26,"$191,324"
131510701.27,"$198,333"
131510701.28,"$238,141"
131510702.04,"$267,314"
131510702.06,"$292,327"
131510702.07,"$329,036"
131510702.08,"$326,694"
131510702.09,"$252,217"
131510702.10,"$298,871"
131510702.11,"$219,512"
131510702.12,"$157,222"
131510702.13,"$278,484"
131510702.14,"$281,551"
131510702.15,"$304,717"
131510702.16,"$364,865"
131510703.07,"$222,994"
131510703.10,"$198,140"
131510703.12,"$191,085"
131510703.13,"$343,645"
131510703.14,"$238,571"
131510703.15,"$434,853"
131510703.16,"$237,399"
131510703.17,"$196,903"
131510703.18,"$202,660"
131510703.19,"$262,438"
131510703.20,"$204,275"
131510703.21,"$258,967"
131510703.22,"$200,340"
131510703.23,"$225,000"
131510703.24,"$179,139"
131510703.25,"$238,272"
131510704.05,"$209,375"
131510704.06,"$189,920"
131510704.07,"$304,626"
131510704.08,"$217,157"
131510704.09,"$214,717"
131510704.10,"$238,971"
131510704.11,"$294,189"
131510704.12,"$192,745"
131510705.03,"$184,569"
131510705.04,"$166,743"
131510705.05,"$232,751"
131510705.06,"$242,704"
131510705.07,"$256,120"
131510705.08,"$299,655"
131879601.06,"$356,154"
131879602.03,"$242,342"
131879602.05,"$244,212"
131879602.06,"$268,866"
131999707.01,"$173,760"
131999707.02,"$164,243"
132130101.00,"$121,277"
132130102.01,"$207,550"
132130102.03,"$147,667"
132130102.04,"$150,171"
132130103.00,"$229,975"
132130104.01,"$156,667"
132130104.02,"$187,463"
132130105.00,"$174,873"
132130106.00,"$131,801"
132130107.00,"$147,667"
132171009.03,"$174,100"
132171009.05,"$193,859"
132231201.04,"$293,722"
132231201.05,"$358,452"
132231201.06,"$275,202"
132231201.07,"$329,939"
132231201.08,"$266,430"
132231201.09,"$308,166"
132231201.10,"$355,473"
132231201.11,"$281,957"
132231202.03,"$232,372"
132231202.05,"$311,745"
132231202.06,"$242,871"
132231202.07,"$233,162"
132231202.08,"$244,969"
132231203.01,"$237,256"
132231203.03,"$227,469"
132231203.04,"$205,185"
132231203.05,"$212,058"
132231203.06,"$179,545"
132231203.07,"$179,500"
132231204.01,"$177,249"
132231204.02,"$269,816"
132231204.03,"$201,744"
132231205.03,"$234,787"
132231205.04,"$183,155"
132231205.05,"$204,913"
132231205.06,"$182,625"
132231205.07,"$203,071"
132231206.01,"$197,921"
132231206.03,"$212,527"
132231206.04,"$226,517"
132231206.05,"$223,818"
132231206.06,"$224,694"
132231206.07,"$191,020"
132270501.01,"$427,261"
132270501.02,"$334,354"
132270502.01,"$219,091"
132270502.02,"$249,877"
132270503.00,"$260,259"
132270504.00,"$265,868"
132270505.00,"$247,271"
132270506.01,"$249,005"
132270506.02,"$207,169"
132330101.00,"$175,485"
132330102.01,"$184,551"
132330102.02,"$251,620"
132330103.00,"$143,822"
132330104.00,"$151,263"
132330105.00,"$124,671"
132330106.00,"$185,433"
132330107.00,"$112,370"
132470601.01,"$211,525"
132470602.01,"$155,652"
132470602.03,"$189,778"
132470602.04,"$265,728"
132470603.10,"$189,414"
132470603.11,"$225,418"
132470603.17,"$141,870"
132470603.18,"$176,733"
132470604.03,"$269,216"
132470604.06,"$228,632"
132470604.07,"$178,635"
132470604.08,"$273,970"
132470604.09,"$232,752"
132470604.10,"$177,769"
132470604.11,"$267,162"
132551601.01,"$163,314"
132551601.02,"$178,125"
132551602.01,"$239,617"
132551602.02,"$258,716"
132551603.00,"$108,019"
132551604.01,"$122,321"
132551604.02,"$59,203"
132551605.00,"$174,272"
132551606.00,"$215,721"
132551607.01,"$93,229"
132551607.02,"$170,785"
132551608.00,"$82,237"
132551609.00,"$86,333"
132551610.00,"$206,270"
132551611.00,"$182,813"
132551612.01,"$192,580"
132551612.02,"$237,383"
132859601.01,"$131,281"
132859601.02,"$141,292"
132910001.01,"$265,169"
132910001.03,"$271,350"
132910001.04,"$247,066"
132910002.01,"$255,187"
132910002.04,"$273,864"
132950201.01,"$102,193"
132950201.02,"$93,816"
132950202.00,"$86,462"
132950203.01,"$164,158"
132950203.02,"$131,910"
132950204.00,"$337,313"
132950205.03,"$306,992"
132950205.04,"$191,440"
132950205.05,"$141,467"
132950205.06,"$225,000"
132950206.01,"$245,080"
132950206.02,"$184,859"
132950207.01,"$181,422"
132950207.02,"$83,297"
132950208.00,"$226,855"
132950209.02,"$203,084"
132950209.03,"$160,630"
132950209.04,"$176,761"
133130001.01,"$244,286"
133130001.03,"$287,823"
133130001.04,"$266,558"
133130002.00,"$226,760"
133130003.01,"$213,780"
133130003.03,"$172,495"
133130003.04,"$228,151"
133130004.01,"$163,105"
133130004.02,"$151,000"
133130005.01,"$277,586"
133130005.02,"$175,133"
133130006.00,"$204,433"
133130007.00,"$252,226"
133130008.01,"$222,283"
133130008.02,"$260,773"
133130009.00,"$288,825"
133130010.00,"$167,975"
133130011.00,"$162,008"
133130012.00,"$138,621"
133130013.00,"$116,418"
133130014.00,"$262,855"
133130015.00,"$194,846"
280039501.00,"$121,327"
280039502.01,"$108,219"
280039502.02,"$182,806"
280039503.00,"$132,463"
280039504.01,"$113,830"
280039504.02,"$105,323"
280039505.01,"$124,232"
280039505.02,"$76,948"
280039506.00,"$97,696"
280039507.00,"$113,385"
280099501.02,"$96,747"
280099502.00,"$93,447"
280139501.00,"$96,750"
280139504.00,"$78,311"
280179501.00,"$86,027"
280179502.00,"$75,166"
280179503.00,"$86,828"
280179504.01,"$83,896"
280179504.02,"$144,969"
280199501.00,"$83,307"
280199502.00,"$113,086"
280199503.00,"$143,534"
280259501.00,"$117,308"
280259502.00,"$118,531"
280259503.00,"$86,519"
280259504.00,"$98,575"
280259505.00,"$182,580"
280579501.00,"$85,873"
280579502.01,"$93,651"
280579502.02,"$117,723"
280579503.00,"$119,457"
280579504.00,"$113,725"
280579505.00,"$110,373"
280819501.01,"$186,438"
280819501.02,"$155,511"
280819502.02,"$187,721"
280819502.03,"$308,529"
280819502.04,"$179,706"
280819503.01,"$189,728"
280819503.02,"$167,632"
280819504.01,"$237,791"
280819504.03,"$356,604"
280819504.04,"$275,385"
280819505.01,"$296,642"
280819505.02,"$215,524"
280819506.01,"$139,350"
280819506.02,"$173,007"
280819507.00,"$153,165"
280819508.00,"$133,796"
280819509.01,"$331,849"
280819509.02,"$150,116"
280819510.01,"$161,055"
280819510.02,"$153,690"
280819511.01,"$143,943"
280819511.02,"$178,621"
280819800.00,$0
280870001.02,"$148,020"
280870001.03,"$178,512"
280870001.04,"$135,685"
280870003.01,"$208,289"
280870003.02,"$215,828"
280870004.03,"$142,792"
280870004.04,"$158,810"
280870004.05,"$125,000"
280870004.06,"$243,561"
280870005.00,"$105,102"
280870006.00,"$71,860"
280870007.00,"$156,439"
280870008.00,"$45,000"
280870009.01,"$143,077"
280870009.02,"$160,514"
280870010.00,"$236,145"
280870011.00,"$95,079"
280879800.00,$0
280959501.01,"$120,354"
280959501.02,"$161,557"
280959502.01,"$134,711"
280959502.02,"$111,550"
280959503.00,"$153,997"
280959504.00,"$113,599"
280959505.01,"$138,912"
280959505.02,"$94,643"
280959506.00,"$98,735"
280959507.00,"$95,943"
280959508.00,"$89,785"
281039501.00,"$74,670"
281039502.00,"$78,140"
281059501.01,"$192,939"
281059501.02,"$84,840"
281059502.01,"$182,900"
281059502.02,"$92,149"
281059503.00,"$166,023"
281059504.01,"$243,750"
281059504.02,"$206,957"
281059505.00,"$175,000"
281059506.01,"$404,870"
281059506.03,"$224,452"
281059506.04,"$118,878"
281059507.01,"$230,929"
281059507.02,"$170,851"
281159501.01,"$132,589"
281159501.02,"$115,655"
281159502.00,"$120,769"
281159503.00,"$139,885"
281159504.00,"$132,299"
281159505.00,"$98,939"
281179501.01,"$122,794"
281179501.02,"$81,757"
281179502.01,"$117,763"
281179502.02,"$96,186"
281179503.01,"$103,448"
281179503.02,"$117,222"
281179504.00,"$100,947"
281179505.00,"$95,783"
281399501.00,"$112,500"
281399502.01,"$116,978"
281399502.02,"$133,036"
281399503.00,"$103,788"
281399504.01,"$154,276"
281399504.02,"$137,500"
281419501.01,"$155,464"
281419501.02,"$173,853"
281419502.00,"$98,142"
281419503.01,"$120,613"
281419503.02,"$110,947"
281419504.01,"$92,868"
281419504.02,"$156,826"
281459501.00,"$128,992"
281459502.00,"$138,441"
281459503.00,"$163,699"
281459504.00,"$109,211"
281459505.00,"$158,884"
281459506.00,"$133,242"
281559501.00,"$93,568"
281599501.00,"$141,667"
370399303.00,"$220,956"
370399304.01,"$211,585"
370399304.02,"$188,534"
370399305.01,"$234,203"
370399305.02,"$190,542"
370399306.03,"$224,248"
370399306.04,"$164,244"
370399306.05,"$226,190"
370399306.06,"$226,961"
470110115.01,"$285,303"
470110115.02,"$231,378"
470110116.01,"$214,715"
470110116.02,"$260,921"
470519606.00,"$175,059"
470519607.00,"$265,385"
470519608.00,"$213,415"
470559204.00,"$178,293"
470559206.00,"$207,119"
470559207.00,"$231,557"
470559208.00,"$172,927"
470650004.00,"$143,382"
470650006.00,"$401,269"
470650007.00,"$398,455"
470650008.00,"$355,808"
470650011.00,"$315,957"
470650012.00,"$322,816"
470650013.00,"$147,414"
470650014.00,"$257,366"
470650016.00,"$245,833"
470650018.00,"$254,419"
470650019.00,"$90,354"
470650020.00,"$372,277"
470650023.00,"$90,132"
470650024.00,"$198,077"
470650025.00,"$192,857"
470650026.00,"$90,000"
470650028.00,"$265,014"
470650029.00,"$279,670"
470650030.00,"$147,260"
470650031.00,"$606,164"
470650032.00,"$194,737"
470650033.00,"$172,236"
470650034.00,"$191,935"
470650105.02,"$488,889"
470650107.00,"$276,054"
470650108.00,"$230,968"
470650109.01,"$355,172"
470650109.02,"$542,411"
470650109.04,"$354,167"
470650112.03,"$407,278"
470650112.04,"$312,220"
470650112.05,"$342,780"
470650112.06,"$324,659"
470650113.11,"$289,956"
470650113.14,"$325,184"
470650113.21,"$284,511"
470650113.23,"$267,832"
470650113.24,"$413,019"
470650113.25,"$285,798"
470650113.26,"$251,496"
470650114.02,"$181,919"
470650114.11,"$258,701"
470650114.42,"$240,399"
470650114.44,"$190,213"
470650114.45,"$220,709"
470650114.46,"$276,108"
470650114.47,"$259,534"
470650114.48,"$253,070"
470650114.49,"$198,593"
470650116.00,"$146,791"
470650117.00,"$197,549"
470650118.00,"$172,459"
470650119.00,"$245,122"
470650120.00,"$563,725"
470650121.00,"$299,936"
470650122.00,"$127,917"
470650123.00,"$215,748"
470650124.00,"$391,667"
470659801.00,$0
470659802.00,$0
470699505.00,"$130,375"
470699506.00,"$105,048"
470719205.01,"$148,997"
470719205.02,"$94,944"
470719206.00,"$167,484"
470999606.00,"$142,890"
470999607.00,"$147,302"
470999609.00,"$153,354"
471039752.00,"$326,744"
471039753.00,"$202,761"
471039754.00,"$191,496"
471039755.00,"$235,024"
471039756.01,"$179,590"
471039756.02,"$187,632"
471039757.00,"$225,875"
471099305.01,"$138,118"
471099306.00,"$173,230"
471099307.00,"$183,500"
471150501.01,"$182,360"
471150501.02,"$127,075"
471150502.01,"$144,241"
471150502.03,"$242,778"
471150502.04,"$133,258"
471150503.01,"$147,477"
471150503.02,"$241,092"
471399501.00,"$166,597"
471399502.04,"$144,814"
471399503.00,"$128,208"
471399504.00,"$169,167"
471819503.00,"$142,584"
471819504.00,"$157,519"