Census Tract,2023 Median Household Income
010070100.05,"$59,308"
010070100.06,"$66,164"
010090501.03,"$58,576"
010090501.04,"$58,378"
010090501.05,"$49,899"
010090501.06,"$52,233"
010090501.07,"$49,169"
010090502.00,"$53,975"
010090503.01,"$54,210"
010090503.02,"$42,687"
010090504.00,"$54,444"
010090505.01,"$49,668"
010090505.02,"$80,146"
010090506.01,"$70,490"
010090506.03,"$78,446"
010090506.04,"$76,501"
010090507.01,"$55,694"
010090507.02,"$39,377"
010150002.00,"$28,884"
010150003.00,"$21,555"
010150004.00,"$25,445"
010150005.00,"$19,806"
010150006.00,"$17,023"
010150007.00,"$35,058"
010150008.00,"$24,424"
010150009.00,"$58,587"
010150010.00,"$66,321"
010150011.01,"$69,318"
010150011.02,"$34,756"
010150011.03,"$76,299"
010150012.01,"$34,313"
010150012.02,"$50,818"
010150013.00,"$34,141"
010150014.00,"$34,911"
010150015.01,"$58,835"
010150015.02,"$43,579"
010150016.00,"$39,021"
010150017.00,"$52,522"
010150018.01,"$54,160"
010150018.02,"$60,091"
010150020.01,"$57,075"
010150020.02,"$74,701"
010150021.01,"$17,344"
010150021.02,"$58,769"
010150021.04,"$49,848"
010150021.05,"$37,359"
010150022.00,"$44,650"
010150023.00,"$36,285"
010150024.00,"$49,370"
010150025.02,"$60,278"
010150025.03,"$77,087"
010150025.04,"$68,286"
010150026.00,"$53,378"
010159819.01,$0
010159819.02,$0
010159819.03,$0
010199557.01,"$40,114"
010199557.02,"$41,841"
010199558.01,"$50,504"
010199558.02,"$56,169"
010199559.00,"$53,364"
010199560.00,"$40,400"
010199561.01,"$39,161"
010199561.02,"$45,161"
010279589.00,"$48,738"
010279590.00,"$33,475"
010279591.00,"$64,172"
010279592.00,"$49,293"
010299595.00,"$48,403"
010299596.00,"$44,891"
010299597.00,"$47,553"
010299598.00,"$54,245"
010330201.00,"$40,563"
010330202.00,"$49,905"
010330203.00,"$23,422"
010330204.00,"$81,949"
010330205.00,"$56,569"
010330206.00,"$42,445"
010330207.03,"$60,306"
010330207.04,"$61,249"
010330207.05,"$54,370"
010330207.06,"$77,064"
010330208.01,"$66,200"
010330208.02,"$54,130"
010330209.01,"$52,935"
010330209.02,"$60,377"
010330210.00,"$45,548"
010439641.00,"$40,346"
010439642.01,"$56,498"
010439642.02,"$54,734"
010439643.00,"$58,477"
010439644.00,"$65,002"
010439645.00,"$57,015"
010439646.00,"$57,788"
010439647.00,"$59,522"
010439648.00,"$49,400"
010439649.01,"$69,652"
010439649.02,"$82,255"
010439650.01,"$63,948"
010439650.02,"$42,475"
010439651.00,"$62,147"
010439652.00,"$65,828"
010439653.00,"$59,633"
010439654.01,"$37,072"
010439654.02,"$51,167"
010439655.01,"$53,822"
010439655.02,"$60,865"
010439656.00,"$81,123"
010439657.00,"$57,290"
010499601.01,"$50,996"
010499601.02,"$50,000"
010499602.00,"$39,895"
010499603.01,"$53,405"
010499603.02,"$51,638"
010499603.03,"$45,230"
010499604.01,"$51,285"
010499604.02,"$54,766"
010499605.00,"$42,161"
010499606.01,"$54,046"
010499606.02,"$42,533"
010499607.01,"$34,863"
010499607.02,"$48,627"
010499607.03,"$48,630"
010499608.00,"$35,139"
010499609.00,"$44,150"
010499610.00,"$45,648"
010499611.00,"$47,984"
010499612.00,"$89,553"
010499613.00,"$24,103"
010499614.00,"$46,474"
010550002.00,"$32,481"
010550003.00,"$19,449"
010550004.00,"$55,825"
010550005.00,"$36,243"
010550006.00,"$31,949"
010550007.00,"$13,882"
010550008.00,"$27,525"
010550009.00,"$30,508"
010550010.00,"$28,350"
010550011.00,"$73,883"
010550012.00,"$40,316"
010550013.00,"$22,898"
010550016.00,"$39,233"
010550017.00,"$26,851"
010550101.00,"$40,853"
010550102.01,"$39,125"
010550102.02,"$55,757"
010550103.00,"$39,101"
010550104.01,"$42,384"
010550104.02,"$60,383"
010550105.03,"$60,089"
010550105.04,"$74,664"
010550105.05,"$47,707"
010550105.06,"$62,699"
010550106.01,"$56,715"
010550106.02,"$45,880"
010550107.00,"$46,171"
010550108.00,"$43,021"
010550109.00,"$53,144"
010550110.01,"$50,432"
010550110.02,"$46,355"
010550111.00,"$42,705"
010550112.00,"$25,046"
010570200.00,"$42,975"
010570201.00,"$50,694"
010570202.00,"$52,571"
010570203.00,"$32,811"
010570204.00,"$54,184"
010599729.00,"$46,083"
010599730.00,"$39,988"
010599731.00,"$50,509"
010599732.00,"$46,386"
010599733.00,"$42,945"
010599734.00,"$33,687"
010599735.00,"$49,034"
010599736.00,"$47,412"
010599737.01,"$27,818"
010599737.02,"$38,939"
010599737.03,"$75,638"
010719501.01,"$50,334"
010719501.02,"$38,424"
010719502.00,"$38,289"
010719503.01,"$39,858"
010719503.02,"$38,293"
010719504.00,"$52,443"
010719505.00,"$43,625"
010719506.01,"$40,356"
010719506.02,"$41,661"
010719507.00,"$39,849"
010719508.00,"$31,212"
010719509.01,"$46,445"
010719509.02,"$73,278"
010719510.00,"$45,486"
010719511.01,"$46,614"
010719511.02,"$50,557"
010730001.00,"$32,902"
010730003.00,"$20,666"
010730004.00,"$36,288"
010730005.00,"$16,877"
010730007.00,"$16,654"
010730008.00,"$26,356"
010730011.00,"$48,365"
010730012.00,"$35,031"
010730014.00,"$39,735"
010730015.00,"$23,641"
010730016.00,"$28,660"
010730019.02,"$23,478"
010730020.00,"$26,057"
010730021.00,"$26,032"
010730022.00,"$32,763"
010730023.03,"$21,631"
010730023.05,"$66,060"
010730023.06,"$88,490"
010730024.01,"$35,024"
010730024.02,"$35,000"
010730027.01,"$59,736"
010730027.02,"$12,904"
010730029.00,"$17,357"
010730030.01,"$35,430"
010730030.02,"$26,963"
010730031.00,"$32,341"
010730032.00,"$30,566"
010730033.00,"$22,366"
010730034.00,"$31,460"
010730035.00,"$38,433"
010730036.00,"$39,351"
010730037.00,"$26,769"
010730038.02,"$42,887"
010730038.03,"$43,749"
010730039.00,"$33,742"
010730040.00,"$19,574"
010730042.00,"$25,877"
010730045.01,"$53,354"
010730045.02,"$28,083"
010730047.01,"$52,213"
010730047.02,"$87,487"
010730048.00,"$80,596"
010730049.01,"$44,139"
010730049.02,"$41,141"
010730050.00,"$50,611"
010730051.01,"$16,506"
010730051.03,"$44,999"
010730051.04,"$39,480"
010730052.00,"$37,118"
010730053.02,"$69,636"
010730055.00,"$22,672"
010730056.00,"$64,496"
010730057.01,"$37,745"
010730057.02,"$28,369"
010730058.00,"$38,535"
010730059.03,"$51,954"
010730059.05,"$50,301"
010730059.07,"$56,631"
010730059.08,"$36,198"
010730059.09,"$52,289"
010730059.10,"$56,645"
010730100.01,"$41,306"
010730100.02,"$53,693"
010730101.00,"$16,187"
010730102.00,"$31,809"
010730103.01,"$28,349"
010730103.02,"$19,591"
010730104.01,"$39,073"
010730104.02,"$48,565"
010730105.00,"$29,910"
010730106.03,"$48,388"
010730106.04,"$35,594"
010730106.05,"$49,273"
010730107.01,"$75,721"
010730107.02,"$96,350"
010730107.03,"$167,748"
010730107.04,"$73,822"
010730107.05,"$119,753"
010730107.06,"$58,783"
010730108.01,"$131,500"
010730108.02,"$189,382"
010730108.03,"$89,144"
010730108.04,"$171,624"
010730108.06,"$130,365"
010730108.07,"$112,662"
010730109.00,"$37,012"
010730110.02,"$40,062"
010730110.03,"$55,963"
010730110.04,"$68,264"
010730111.08,"$79,910"
010730111.09,"$114,766"
010730111.10,"$79,555"
010730111.12,"$47,733"
010730111.13,"$56,223"
010730111.14,"$106,825"
010730111.15,"$84,194"
010730111.16,"$99,552"
010730111.17,"$76,837"
010730112.05,"$68,254"
010730112.06,"$68,086"
010730112.07,"$49,355"
010730112.08,"$70,967"
010730112.09,"$43,019"
010730112.10,"$45,355"
010730113.01,"$59,609"
010730113.03,"$82,903"
010730113.04,"$78,191"
010730114.01,"$36,651"
010730114.02,"$76,673"
010730115.00,"$54,317"
010730116.00,"$61,559"
010730117.04,"$70,440"
010730117.06,"$58,701"
010730117.07,"$57,497"
010730117.08,"$84,652"
010730117.09,"$76,845"
010730117.10,"$62,761"
010730118.03,"$40,878"
010730118.04,"$41,451"
010730118.05,"$43,928"
010730118.06,"$36,751"
010730119.01,"$27,199"
010730119.04,"$50,940"
010730120.01,"$63,770"
010730120.03,"$67,554"
010730120.04,"$64,855"
010730121.03,"$57,952"
010730121.04,"$47,272"
010730122.00,"$63,098"
010730123.02,"$71,238"
010730123.04,"$62,481"
010730123.06,"$86,373"
010730123.07,"$65,683"
010730124.01,"$61,871"
010730124.02,"$47,692"
010730124.03,"$53,896"
010730125.00,"$46,916"
010730126.02,"$46,308"
010730127.01,"$63,614"
010730127.03,"$163,719"
010730127.04,"$89,426"
010730128.02,"$79,733"
010730128.04,"$87,179"
010730128.05,"$82,314"
010730129.05,"$182,797"
010730129.07,"$65,320"
010730129.08,"$49,594"
010730129.10,"$82,434"
010730129.11,"$162,166"
010730129.13,"$56,775"
010730129.14,"$54,898"
010730129.16,"$100,272"
010730129.17,"$76,541"
010730129.18,"$48,237"
010730129.19,"$45,780"
010730129.20,"$57,258"
010730129.21,"$123,983"
010730130.02,"$26,552"
010730131.00,"$31,087"
010730132.00,"$46,990"
010730133.00,"$37,809"
010730134.00,"$50,345"
010730136.01,"$32,563"
010730138.01,"$33,148"
010730139.01,"$48,466"
010730139.02,"$58,667"
010730140.01,"$65,241"
010730140.02,"$82,076"
010730141.04,"$55,256"
010730141.05,"$58,904"
010730141.06,"$65,173"
010730141.07,"$60,708"
010730142.05,"$84,279"
010730142.06,"$79,130"
010730142.07,"$59,830"
010730142.08,"$105,495"
010730142.09,"$102,796"
010730143.01,"$37,442"
010730143.03,"$96,976"
010730143.04,"$56,271"
010730144.04,"$91,554"
010730144.05,"$70,499"
010730144.06,"$114,739"
010730144.08,"$58,105"
010730144.09,"$89,417"
010730144.10,"$110,449"
010730144.12,"$103,308"
010730144.14,"$135,448"
010730144.15,"$110,220"
010750300.00,"$36,140"
010750301.01,"$42,116"
010750301.02,"$39,147"
010750302.00,"$54,171"
010770101.00,"$21,208"
010770102.00,"$21,838"
010770103.00,"$15,372"
010770104.00,"$35,340"
010770106.00,"$37,547"
010770107.00,"$24,551"
010770108.00,"$36,311"
010770109.01,"$43,731"
010770109.02,"$39,557"
010770110.00,"$39,428"
010770111.01,"$63,369"
010770111.02,"$51,015"
010770112.00,"$50,853"
010770113.00,"$47,111"
010770114.01,"$58,639"
010770114.02,"$69,472"
010770115.02,"$83,560"
010770115.03,"$78,452"
010770115.04,"$61,907"
010770116.02,"$76,520"
010770116.03,"$78,212"
010770116.05,"$83,301"
010770116.06,"$78,087"
010770117.00,"$56,825"
010770118.01,"$54,761"
010770118.02,"$62,450"
010799791.00,"$52,366"
010799792.01,"$33,490"
010799792.02,"$42,941"
010799793.00,"$58,587"
010799794.00,"$35,043"
010799795.01,"$48,343"
010799795.02,"$45,937"
010799796.00,"$54,111"
010799797.00,"$48,094"
010799798.00,"$59,045"
010799799.00,"$55,988"
010830201.01,"$75,365"
010830201.03,"$61,478"
010830201.04,"$58,229"
010830202.01,"$54,470"
010830202.02,"$71,372"
010830203.00,"$65,315"
010830204.02,"$64,743"
010830204.03,"$51,976"
010830204.04,"$56,649"
010830205.00,"$36,622"
010830206.00,"$36,345"
010830207.00,"$38,953"
010830208.03,"$104,598"
010830208.04,"$100,883"
010830208.05,"$67,392"
010830208.06,"$78,064"
010830209.00,"$73,089"
010830210.00,"$45,884"
010830211.01,"$54,785"
010830211.02,"$86,699"
010830212.01,"$150,793"
010830212.02,"$114,222"
010830212.03,"$103,863"
010890002.03,"$29,783"
010890003.01,"$42,057"
010890003.02,"$37,047"
010890004.03,"$61,506"
010890005.01,"$52,899"
010890005.02,"$55,091"
010890005.03,"$55,440"
010890006.01,"$54,962"
010890006.02,"$51,460"
010890007.01,"$36,993"
010890007.02,"$37,324"
010890009.01,"$77,878"
010890009.02,"$74,705"
010890010.00,"$75,861"
010890012.00,"$16,036"
010890013.01,"$28,771"
010890013.02,"$41,912"
010890014.01,"$98,056"
010890014.03,"$52,507"
010890014.04,"$49,831"
010890015.00,"$51,165"
010890017.00,"$137,233"
010890018.01,"$129,122"
010890019.01,"$114,345"
010890019.02,"$129,816"
010890019.03,"$172,926"
010890020.00,"$87,068"
010890021.00,"$27,726"
010890022.00,"$34,623"
010890023.00,"$38,614"
010890024.00,"$30,442"
010890025.01,"$23,910"
010890025.02,"$39,732"
010890026.00,"$72,267"
010890027.01,"$86,236"
010890027.21,"$92,208"
010890027.22,"$115,423"
010890028.01,"$58,817"
010890028.03,"$89,029"
010890028.04,"$92,751"
010890029.11,"$97,147"
010890029.12,"$105,027"
010890029.22,"$107,403"
010890029.23,"$76,663"
010890029.24,"$97,760"
010890030.00,"$26,571"
010890031.00,"$68,073"
010890101.01,"$75,867"
010890101.02,"$94,395"
010890102.00,"$107,797"
010890103.02,"$77,868"
010890103.03,"$75,174"
010890103.04,"$72,514"
010890104.03,"$61,994"
010890104.04,"$55,877"
010890104.05,"$68,891"
010890104.06,"$74,020"
010890105.02,"$86,792"
010890105.03,"$89,506"
010890105.04,"$131,441"
010890106.12,"$85,685"
010890106.23,"$109,710"
010890106.25,"$29,668"
010890106.26,"$81,639"
010890106.27,"$79,445"
010890106.28,"$127,526"
010890106.29,"$113,613"
010890106.30,"$145,776"
010890106.31,"$136,953"
010890107.03,"$104,624"
010890107.04,"$83,857"
010890107.05,"$78,187"
010890107.06,"$77,375"
010890108.01,"$112,645"
010890108.02,"$76,727"
010890109.02,"$65,533"
010890109.03,"$97,830"
010890109.04,"$156,350"
010890109.05,"$183,544"
010890110.12,"$151,636"
010890110.13,"$98,672"
010890110.21,"$76,130"
010890110.23,"$141,019"
010890110.24,"$132,041"
010890110.25,"$94,494"
010890110.26,"$136,451"
010890110.27,"$87,387"
010890110.28,"$60,482"
010890111.00,"$107,380"
010890112.01,"$158,085"
010890112.02,"$102,667"
010890112.03,"$98,907"
010890113.01,"$89,186"
010890113.02,"$110,676"
010890114.00,"$71,917"
010939640.01,"$35,027"
010939640.02,"$36,943"
010939641.00,"$40,372"
010939642.00,"$50,065"
010939643.00,"$42,522"
010939644.01,"$40,644"
010939644.02,"$63,306"
010939645.00,"$44,638"
010939646.00,"$46,093"
010939647.01,"$47,533"
010939647.02,"$56,896"
010950301.01,"$37,916"
010950301.02,"$45,326"
010950302.03,"$56,610"
010950302.04,"$51,708"
010950302.05,"$52,535"
010950302.06,"$80,186"
010950303.01,"$73,432"
010950303.02,"$65,280"
010950304.01,"$48,696"
010950304.02,"$66,102"
010950305.01,"$66,233"
010950305.02,"$53,010"
010950306.01,"$76,842"
010950306.02,"$48,438"
010950307.01,"$51,883"
010950307.02,"$50,838"
010950308.01,"$55,407"
010950308.03,"$41,134"
010950308.04,"$50,431"
010950309.02,"$64,652"
010950309.03,"$37,325"
010950309.04,"$51,155"
010950310.01,"$50,921"
010950310.02,"$45,046"
010950311.00,"$41,217"
010950312.00,"$42,187"
011030001.00,"$37,154"
011030002.00,"$90,925"
011030003.00,"$55,351"
011030004.00,"$52,476"
011030006.00,"$20,677"
011030007.00,"$31,815"
011030008.00,"$43,020"
011030009.00,"$44,705"
011030010.00,"$54,224"
011030051.01,"$71,880"
011030051.03,"$80,781"
011030051.05,"$88,026"
011030051.06,"$55,722"
011030051.07,"$96,091"
011030051.08,"$55,585"
011030051.09,"$29,194"
011030052.01,"$75,287"
011030052.02,"$50,758"
011030053.02,"$80,231"
011030053.03,"$54,053"
011030053.04,"$76,237"
011030053.05,"$75,553"
011030053.06,"$84,478"
011030054.04,"$88,330"
011030054.05,"$55,786"
011030055.00,"$57,111"
011030056.01,"$68,330"
011030056.02,"$56,669"
011030057.01,"$59,543"
011030057.03,"$57,811"
011030057.04,"$64,915"
011070500.00,"$53,493"
011070501.00,"$41,937"
011070502.00,"$51,145"
011070503.00,"$38,258"
011070504.01,"$40,428"
011070504.02,"$55,037"
011110001.00,"$38,306"
011110002.00,"$58,921"
011110003.00,"$54,378"
011110004.00,"$43,398"
011110005.00,"$41,873"
011110006.00,"$42,139"
011150401.04,"$62,905"
011150401.05,"$63,970"
011150401.07,"$74,324"
011150401.08,"$92,699"
011150401.09,"$45,362"
011150401.10,"$66,986"
011150402.06,"$64,678"
011150402.07,"$41,474"
011150402.08,"$50,966"
011150402.09,"$58,800"
011150402.10,"$81,910"
011150402.11,"$36,696"
011150402.12,"$78,650"
011150402.13,"$55,223"
011150403.01,"$59,633"
011150403.02,"$33,356"
011150404.01,"$54,719"
011150404.02,"$59,943"
011150405.03,"$85,610"
011150405.04,"$63,612"
011150405.05,"$87,111"
011150405.06,"$71,263"
011150405.07,"$50,783"
011150405.08,"$30,121"
011170301.02,"$55,348"
011170301.03,"$67,543"
011170302.11,"$127,495"
011170302.12,"$52,380"
011170302.15,"$80,434"
011170302.16,"$133,384"
011170302.18,"$107,783"
011170302.19,"$107,614"
011170302.20,"$145,846"
011170302.21,"$93,677"
011170303.04,"$147,597"
011170303.05,"$117,905"
011170303.06,"$67,076"
011170303.14,"$58,385"
011170303.15,"$66,258"
011170303.16,"$60,680"
011170303.17,"$79,626"
011170303.19,"$63,032"
011170303.20,"$79,176"
011170303.30,"$124,461"
011170303.31,"$132,049"
011170303.36,"$107,351"
011170303.37,"$67,642"
011170303.40,"$89,133"
011170303.41,"$70,418"
011170303.45,"$100,532"
011170303.46,"$105,532"
011170303.47,"$80,114"
011170303.48,"$121,295"
011170303.49,"$80,625"
011170303.50,"$114,508"
011170303.51,"$154,010"
011170303.52,"$106,434"
011170304.08,"$39,608"
011170306.07,"$92,412"
011170306.10,"$84,333"
011170306.12,"$101,578"
011170306.14,"$75,085"
011170306.15,"$137,838"
011170306.16,"$93,735"
011170307.01,"$80,823"
011170307.03,"$54,318"
011170308.00,"$75,790"
011170309.00,"$42,276"
011179800.00,$0
011179801.00,$0
011210101.01,"$86,882"
011210101.02,"$48,002"
011210102.01,"$61,012"
011210102.02,"$58,394"
011210103.01,"$37,489"
011210103.02,"$59,600"
011210104.00,"$46,443"
011210105.00,"$26,075"
011210106.00,"$18,702"
011210107.00,"$33,146"
011210109.00,"$50,113"
011210110.00,"$46,910"
011210111.00,"$43,528"
011210112.00,"$51,280"
011210113.01,"$39,038"
011210113.02,"$37,953"
011210114.00,"$41,345"
011210115.01,"$63,495"
011210115.02,"$61,796"
011210116.00,"$41,785"
011210117.00,"$37,378"
011250101.01,"$150,742"
011250101.02,"$94,425"
011250101.04,"$79,851"
011250101.05,"$68,435"
011250102.01,"$96,559"
011250102.03,"$105,632"
011250102.04,"$67,213"
011250102.05,"$98,845"
011250102.06,"$85,048"
011250103.02,"$48,273"
011250103.04,"$61,587"
011250103.05,"$64,126"
011250104.03,"$56,390"
011250104.04,"$42,354"
011250104.05,"$127,519"
011250104.06,"$140,898"
011250104.07,"$77,157"
011250105.00,"$33,604"
011250106.01,"$59,275"
011250106.03,"$78,960"
011250106.04,"$66,861"
011250107.03,"$74,377"
011250107.06,"$71,551"
011250108.03,"$42,739"
011250112.00,"$25,755"
011250114.02,"$18,410"
011250116.00,"$30,740"
011250126.00,"$28,078"
011250127.00,"$58,947"
011250128.00,"$37,150"
011270201.00,"$36,473"
011270202.00,"$52,333"
011270203.01,"$61,642"
011270203.02,"$60,360"
011270204.00,"$36,417"
011270206.00,"$49,778"
011270207.00,"$63,363"
011270208.01,"$52,456"
011270208.02,"$56,126"
011270209.00,"$47,292"
011270210.00,"$43,791"
011270211.00,"$36,210"
011270212.00,"$47,501"
011270213.00,"$47,942"
011270214.00,"$47,456"
011270215.00,"$39,279"
011270216.00,"$41,230"
011270217.00,"$53,006"
011270218.00,"$44,262"
011270219.00,"$49,280"
011339655.01,"$47,832"
011339655.02,"$55,098"
011339655.03,"$57,844"
011339656.01,"$44,181"
011339656.02,"$39,228"
011339657.00,"$48,258"
011339658.00,"$38,513"
011339659.00,"$38,037"
130159601.01,"$85,559"
130159601.03,"$93,091"
130159601.04,"$75,814"
130159601.05,"$84,717"
130159602.01,"$78,224"
130159602.02,"$61,668"
130159602.03,"$71,600"
130159603.01,"$78,388"
130159603.02,"$70,023"
130159604.03,"$53,296"
130159604.04,"$70,614"
130159604.05,"$78,887"
130159604.06,"$62,911"
130159604.07,"$98,139"
130159605.01,"$77,325"
130159605.02,"$73,321"
130159606.01,"$74,611"
130159606.02,"$59,040"
130159607.01,"$46,730"
130159607.02,"$76,658"
130159608.01,"$60,306"
130159608.02,"$45,927"
130159608.04,"$93,933"
130159608.05,"$48,787"
130159609.01,"$81,644"
130159609.02,"$79,037"
130159610.01,"$93,232"
130159610.02,"$63,873"
130351502.01,"$42,336"
130351503.00,"$59,772"
130459101.01,"$59,730"
130459101.03,"$79,126"
130459101.05,"$73,555"
130459101.06,"$52,290"
130459102.01,"$78,306"
130459102.02,"$72,528"
130459102.03,"$62,343"
130459103.01,"$48,810"
130459103.02,"$48,970"
130459104.00,"$52,104"
130459105.02,"$22,344"
130459105.03,"$42,265"
130459105.04,"$36,213"
130459106.00,"$59,054"
130459107.04,"$108,187"
130459107.05,"$41,073"
130459107.06,"$97,338"
130459107.07,"$76,556"
130459107.08,"$50,391"
130459107.09,"$58,760"
130459108.00,"$51,253"
130459109.00,"$66,355"
130459110.01,"$81,017"
130459110.02,"$64,910"
130459111.01,"$52,272"
130459111.02,"$85,765"
130459112.01,"$56,751"
130459112.02,"$49,397"
130470301.00,"$59,349"
130470302.01,"$69,338"
130470302.02,"$71,829"
130470303.03,"$85,013"
130470303.04,"$77,410"
130470303.05,"$68,872"
130470303.06,"$77,371"
130470304.02,"$78,995"
130470304.03,"$93,367"
130470304.04,"$61,948"
130470305.01,"$51,416"
130470305.02,"$44,585"
130470306.00,"$59,167"
130470307.01,"$50,182"
130470307.02,"$43,583"
130550101.00,"$54,055"
130550102.01,"$47,312"
130550102.02,"$35,508"
130550103.00,"$35,568"
130550104.01,"$47,855"
130550104.02,"$25,485"
130550105.01,"$43,367"
130550105.02,"$29,891"
130550106.00,"$49,903"
130570901.01,"$95,170"
130570901.02,"$82,716"
130570901.03,"$84,016"
130570902.01,"$87,157"
130570902.02,"$105,495"
130570903.01,"$123,639"
130570903.02,"$97,079"
130570903.03,"$90,227"
130570904.01,"$49,777"
130570904.02,"$79,089"
130570905.03,"$146,446"
130570905.04,"$152,765"
130570905.05,"$141,900"
130570905.06,"$113,230"
130570905.07,"$152,368"
130570906.03,"$107,006"
130570906.04,"$55,851"
130570906.05,"$56,280"
130570906.06,"$86,391"
130570907.03,"$51,493"
130570907.04,"$76,950"
130570907.05,"$128,604"
130570907.06,"$138,695"
130570907.07,"$97,010"
130570907.08,"$108,621"
130570907.09,"$106,563"
130570907.10,"$117,473"
130570908.05,"$101,431"
130570908.06,"$117,596"
130570908.07,"$122,372"
130570908.08,"$125,998"
130570908.09,"$105,830"
130570908.10,"$133,097"
130570909.05,"$77,143"
130570909.06,"$124,299"
130570909.07,"$92,166"
130570909.08,"$115,057"
130570909.09,"$83,913"
130570909.10,"$117,032"
130570909.11,"$122,088"
130570909.12,"$123,795"
130570910.01,"$66,572"
130570910.06,"$146,306"
130570910.07,"$123,585"
130570910.09,"$97,420"
130570910.10,"$133,308"
130570910.11,"$89,326"
130570910.12,"$81,603"
130570910.13,"$78,309"
130570910.14,"$64,421"
130570911.01,"$117,862"
130570911.04,"$110,838"
130570911.05,"$75,000"
130570911.06,"$100,411"
130570911.07,"$59,421"
130570911.08,"$111,225"
130630402.02,"$38,363"
130630402.03,"$45,720"
130630402.04,"$49,812"
130630403.02,"$39,728"
130630403.06,"$37,713"
130630403.07,"$51,446"
130630403.08,"$27,624"
130630403.09,"$35,253"
130630403.10,"$40,659"
130630404.07,"$51,593"
130630404.09,"$58,376"
130630404.10,"$58,679"
130630404.14,"$48,734"
130630404.16,"$58,806"
130630404.17,"$40,365"
130630404.18,"$93,488"
130630404.19,"$47,242"
130630404.20,"$56,095"
130630404.21,"$74,407"
130630404.22,"$36,104"
130630404.23,"$42,080"
130630404.24,"$71,171"
130630404.25,"$41,565"
130630404.26,"$76,783"
130630404.27,"$61,317"
130630405.09,"$63,299"
130630405.10,"$61,756"
130630405.12,"$47,827"
130630405.13,"$56,003"
130630405.18,"$44,116"
130630405.19,"$32,800"
130630405.21,"$51,037"
130630405.22,"$44,354"
130630405.23,"$43,091"
130630405.25,"$48,919"
130630405.27,"$61,117"
130630405.28,"$40,641"
130630405.29,"$51,223"
130630405.30,"$52,292"
130630405.31,"$39,175"
130630405.32,"$45,833"
130630405.33,"$52,476"
130630405.34,"$49,856"
130630405.35,"$74,632"
130630405.36,"$63,707"
130630405.37,"$70,304"
130630405.38,"$55,376"
130630406.06,"$51,787"
130630406.09,"$69,247"
130630406.14,"$115,117"
130630406.15,"$77,261"
130630406.17,"$36,996"
130630406.23,"$52,878"
130630406.24,"$76,583"
130630406.25,"$71,976"
130630406.26,"$75,444"
130630406.27,"$68,106"
130630406.28,"$111,518"
130630406.29,"$53,854"
130630406.30,"$40,850"
130630406.31,"$85,735"
130630406.32,"$51,223"
130630406.33,"$55,810"
130630406.34,"$24,693"
130630406.35,"$56,936"
130630406.36,"$94,029"
130630406.37,"$59,653"
130630406.38,"$74,292"
130630406.39,"$87,356"
130639800.00,$0
130670301.04,"$71,413"
130670301.07,"$111,731"
130670301.08,"$106,910"
130670301.09,"$82,445"
130670301.10,"$89,570"
130670301.11,"$100,030"
130670301.12,"$61,914"
130670301.13,"$79,518"
130670302.20,"$103,529"
130670302.33,"$115,956"
130670302.35,"$121,890"
130670302.36,"$160,972"
130670302.40,"$103,401"
130670302.41,"$122,910"
130670302.42,"$96,219"
130670302.43,"$91,798"
130670302.44,"$149,341"
130670302.45,"$116,224"
130670302.46,"$50,651"
130670302.47,"$52,183"
130670302.48,"$71,438"
130670302.49,"$79,582"
130670302.50,"$141,172"
130670302.51,"$120,969"
130670302.52,"$153,726"
130670302.53,"$124,626"
130670302.54,"$93,310"
130670302.55,"$76,260"
130670302.56,"$154,828"
130670302.57,"$89,908"
130670302.58,"$80,271"
130670302.59,"$84,681"
130670302.60,"$78,356"
130670302.61,"$134,951"
130670302.62,"$143,255"
130670302.63,"$101,587"
130670302.64,"$160,785"
130670302.65,"$160,776"
130670302.66,"$128,933"
130670302.67,"$156,352"
130670302.68,"$138,976"
130670302.69,"$110,766"
130670302.70,"$105,095"
130670302.71,"$150,570"
130670302.72,"$106,366"
130670302.73,"$133,753"
130670302.74,"$97,309"
130670302.75,"$69,498"
130670302.76,"$136,558"
130670302.77,"$120,236"
130670302.78,"$81,634"
130670303.19,"$115,688"
130670303.22,"$125,116"
130670303.24,"$116,997"
130670303.26,"$162,302"
130670303.27,"$129,771"
130670303.29,"$122,886"
130670303.31,"$146,830"
130670303.32,"$133,370"
130670303.34,"$132,640"
130670303.35,"$172,453"
130670303.37,"$182,465"
130670303.40,"$167,078"
130670303.41,"$131,834"
130670303.42,"$151,533"
130670303.43,"$155,084"
130670303.44,"$53,448"
130670303.45,"$85,102"
130670303.46,"$79,559"
130670303.47,"$105,580"
130670303.48,"$111,245"
130670303.49,"$102,958"
130670303.50,"$105,552"
130670303.51,"$188,055"
130670303.52,"$157,475"
130670303.53,"$87,906"
130670303.54,"$147,932"
130670303.55,"$83,532"
130670303.56,"$89,956"
130670303.57,"$158,794"
130670303.58,"$122,128"
130670303.59,"$153,626"
130670303.60,"$165,228"
130670303.61,"$101,077"
130670303.62,"$102,322"
130670303.63,"$85,516"
130670303.64,"$102,398"
130670303.65,"$162,867"
130670303.66,"$184,419"
130670303.67,"$167,894"
130670303.68,"$155,929"
130670303.69,"$197,602"
130670303.70,"$200,001"
130670304.05,"$60,962"
130670304.07,"$94,644"
130670304.08,"$98,168"
130670304.09,"$137,544"
130670304.10,"$79,712"
130670304.11,"$46,997"
130670304.12,"$53,739"
130670304.13,"$54,273"
130670304.14,"$42,179"
130670305.05,"$59,457"
130670305.06,"$69,324"
130670305.07,"$111,005"
130670305.08,"$90,836"
130670305.09,"$133,054"
130670305.10,"$131,941"
130670305.11,"$90,214"
130670306.02,"$111,832"
130670306.03,"$80,133"
130670306.04,"$76,213"
130670307.00,"$55,438"
130670308.00,"$70,736"
130670309.06,"$93,475"
130670309.07,"$106,199"
130670309.08,"$77,711"
130670309.09,"$86,360"
130670309.10,"$51,118"
130670309.11,"$48,619"
130670309.12,"$65,318"
130670310.01,"$46,835"
130670310.04,"$49,148"
130670310.05,"$82,821"
130670310.06,"$58,087"
130670310.07,"$44,988"
130670311.01,"$72,773"
130670311.10,"$88,021"
130670311.11,"$102,028"
130670311.12,"$125,954"
130670311.13,"$55,973"
130670311.14,"$64,689"
130670311.15,"$88,854"
130670311.16,"$62,306"
130670311.17,"$116,036"
130670311.18,"$103,314"
130670311.19,"$61,076"
130670311.20,"$112,175"
130670311.21,"$64,999"
130670311.22,"$80,283"
130670312.07,"$93,498"
130670312.09,"$166,153"
130670312.12,"$200,001"
130670312.13,"$109,474"
130670312.14,"$104,404"
130670312.15,"$113,629"
130670312.16,"$96,464"
130670312.17,"$75,499"
130670312.18,"$97,884"
130670312.19,"$81,539"
130670312.20,"$84,646"
130670312.21,"$99,162"
130670313.06,"$82,559"
130670313.08,"$64,848"
130670313.14,"$119,346"
130670313.15,"$163,304"
130670313.16,"$134,582"
130670313.17,"$77,415"
130670313.18,"$57,707"
130670313.19,"$40,999"
130670313.20,"$47,103"
130670313.21,"$45,938"
130670313.22,"$59,384"
130670313.23,"$64,315"
130670313.24,"$76,739"
130670313.25,"$114,577"
130670314.09,"$63,277"
130670314.10,"$102,871"
130670314.11,"$61,841"
130670314.12,"$51,770"
130670314.13,"$49,618"
130670314.14,"$102,701"
130670314.15,"$58,125"
130670314.16,"$78,202"
130670314.17,"$58,613"
130670315.06,"$76,683"
130670315.07,"$82,768"
130670315.10,"$78,941"
130670315.11,"$97,452"
130670315.12,"$79,897"
130670315.13,"$86,000"
130670315.14,"$110,996"
130670315.15,"$100,475"
130670315.16,"$87,277"
130670315.17,"$103,926"
130670315.18,"$63,247"
130771701.01,"$85,154"
130771701.02,"$74,400"
130771702.00,"$67,405"
130771703.03,"$132,385"
130771703.04,"$91,018"
130771703.07,"$53,268"
130771703.08,"$56,401"
130771703.09,"$85,634"
130771703.10,"$92,315"
130771704.03,"$120,251"
130771704.04,"$104,235"
130771704.05,"$95,090"
130771704.06,"$120,323"
130771704.07,"$50,870"
130771704.08,"$127,490"
130771705.01,"$84,619"
130771705.02,"$85,515"
130771705.03,"$97,508"
130771706.03,"$101,170"
130771706.04,"$59,162"
130771706.05,"$33,948"
130771706.06,"$115,393"
130771706.07,"$127,054"
130771707.01,"$76,171"
130771707.02,"$71,665"
130771708.01,"$79,731"
130771708.02,"$84,273"
130830401.02,"$42,580"
130830401.03,"$47,796"
130830401.04,"$45,683"
130830402.00,"$64,602"
130830403.00,"$61,500"
130859701.01,"$97,406"
130859701.02,"$68,377"
130859701.03,"$64,261"
130859702.03,"$124,595"
130859702.04,"$79,291"
130859702.05,"$69,519"
130859702.06,"$96,261"
130890201.00,"$200,001"
130890202.00,"$103,681"
130890203.00,"$175,991"
130890204.00,"$161,316"
130890205.00,"$92,832"
130890206.00,"$91,224"
130890207.00,"$91,540"
130890208.01,"$124,050"
130890208.02,"$105,949"
130890209.01,"$107,151"
130890209.02,"$73,254"
130890211.01,"$200,001"
130890211.03,"$128,689"
130890211.04,"$106,213"
130890212.04,"$32,670"
130890212.08,"$82,903"
130890212.10,"$191,894"
130890212.11,"$131,102"
130890212.13,"$196,057"
130890212.17,"$117,009"
130890212.19,"$176,266"
130890212.20,"$126,995"
130890212.21,"$101,932"
130890212.22,"$97,633"
130890212.23,"$113,217"
130890212.24,"$64,904"
130890212.25,"$70,378"
130890212.26,"$92,302"
130890212.27,"$97,384"
130890212.28,"$200,001"
130890212.29,"$170,729"
130890212.30,"$111,099"
130890213.01,"$57,418"
130890213.05,"$69,314"
130890213.06,"$57,805"
130890213.07,"$64,221"
130890213.08,"$70,333"
130890213.09,"$51,811"
130890213.10,"$49,666"
130890214.05,"$154,260"
130890214.09,"$75,994"
130890214.10,"$80,444"
130890214.11,"$133,267"
130890214.12,"$162,329"
130890214.15,"$134,726"
130890214.16,"$134,767"
130890214.17,"$61,697"
130890214.18,"$50,560"
130890214.19,"$78,666"
130890214.20,"$55,630"
130890214.21,"$68,880"
130890215.02,"$92,703"
130890215.03,"$76,870"
130890215.05,"$108,638"
130890215.06,"$97,466"
130890216.02,"$106,653"
130890216.04,"$200,001"
130890216.06,"$77,865"
130890216.07,"$84,956"
130890216.08,"$76,298"
130890216.09,"$136,801"
130890217.03,"$178,344"
130890217.07,"$133,088"
130890217.08,"$92,157"
130890217.09,"$67,816"
130890217.10,"$161,722"
130890217.11,"$66,009"
130890217.12,"$48,863"
130890218.08,"$109,885"
130890218.12,"$84,253"
130890218.13,"$45,938"
130890218.15,"$38,165"
130890218.16,"$76,942"
130890218.17,"$111,286"
130890218.18,"$87,005"
130890218.19,"$109,367"
130890218.20,"$59,162"
130890218.21,"$134,281"
130890218.22,"$100,208"
130890218.23,"$88,030"
130890218.24,"$53,900"
130890219.06,"$49,815"
130890219.08,"$45,316"
130890219.10,"$47,464"
130890219.11,"$34,642"
130890219.12,"$178,427"
130890219.13,"$31,734"
130890219.14,"$47,550"
130890219.15,"$95,450"
130890219.16,"$47,187"
130890219.17,"$40,143"
130890220.01,"$79,413"
130890220.05,"$45,750"
130890220.07,"$45,729"
130890220.10,"$75,683"
130890220.11,"$43,763"
130890220.12,"$37,471"
130890220.13,"$51,081"
130890220.14,"$39,757"
130890220.15,"$76,771"
130890220.16,"$58,286"
130890221.00,"$60,827"
130890222.03,"$80,806"
130890222.05,"$79,695"
130890222.06,"$76,300"
130890223.02,"$100,737"
130890223.03,"$89,257"
130890223.04,"$89,477"
130890224.01,"$132,666"
130890224.03,"$200,001"
130890224.04,"$38,280"
130890224.05,"$58,934"
130890225.01,"$102,873"
130890225.02,"$200,001"
130890226.01,"$90,543"
130890226.02,"$179,441"
130890227.00,"$160,514"
130890228.00,"$163,583"
130890229.00,"$103,723"
130890230.00,"$104,966"
130890231.01,"$72,931"
130890231.02,"$49,729"
130890231.07,"$58,087"
130890231.08,"$37,448"
130890231.11,"$60,436"
130890231.12,"$36,969"
130890231.13,"$52,703"
130890231.14,"$53,878"
130890231.15,"$60,207"
130890232.09,"$72,065"
130890232.11,"$68,539"
130890232.12,"$63,030"
130890232.13,"$57,599"
130890232.14,"$53,225"
130890232.15,"$48,419"
130890232.16,"$58,090"
130890232.17,"$65,433"
130890232.18,"$31,697"
130890232.19,"$64,293"
130890232.20,"$65,109"
130890232.21,"$56,638"
130890232.22,"$43,297"
130890233.11,"$82,554"
130890233.13,"$60,007"
130890233.15,"$85,793"
130890233.17,"$27,716"
130890233.18,"$87,389"
130890233.19,"$58,273"
130890233.20,"$33,146"
130890233.21,"$59,826"
130890233.22,"$64,869"
130890233.23,"$86,253"
130890233.24,"$87,532"
130890233.25,"$90,699"
130890233.26,"$72,965"
130890233.27,"$52,558"
130890233.28,"$61,677"
130890233.29,"$66,750"
130890233.30,"$101,254"
130890233.31,"$52,706"
130890233.32,"$65,430"
130890234.10,"$45,028"
130890234.11,"$51,676"
130890234.13,"$78,682"
130890234.22,"$69,241"
130890234.24,"$77,738"
130890234.25,"$77,362"
130890234.26,"$78,419"
130890234.27,"$73,541"
130890234.29,"$43,314"
130890234.30,"$40,034"
130890234.31,"$49,575"
130890234.32,"$78,943"
130890234.33,"$65,838"
130890234.34,"$86,968"
130890234.35,"$52,634"
130890234.36,"$64,546"
130890234.37,"$80,214"
130890234.38,"$60,056"
130890234.39,"$36,450"
130890234.40,"$58,612"
130890234.41,"$66,413"
130890234.42,"$82,935"
130890234.43,"$90,014"
130890234.44,"$86,149"
130890234.45,"$58,867"
130890234.46,"$36,683"
130890234.47,"$65,690"
130890234.48,"$73,166"
130890235.01,"$44,261"
130890235.04,"$43,216"
130890235.05,"$48,772"
130890235.06,"$55,706"
130890235.07,"$51,457"
130890236.01,"$82,178"
130890236.02,"$57,409"
130890236.03,"$40,811"
130890237.01,"$59,924"
130890237.02,"$45,023"
130890238.01,"$104,185"
130890238.02,"$73,047"
130890238.03,"$74,339"
130899800.00,$0
130970801.04,"$45,594"
130970801.05,"$82,873"
130970801.06,"$45,563"
130970801.07,"$45,906"
130970802.01,"$63,705"
130970802.03,"$62,631"
130970802.04,"$51,226"
130970803.03,"$45,375"
130970803.04,"$44,363"
130970803.05,"$61,096"
130970803.06,"$50,000"
130970803.07,"$58,618"
130970804.03,"$99,868"
130970804.05,"$108,715"
130970804.06,"$88,745"
130970804.07,"$81,076"
130970804.08,"$56,400"
130970805.05,"$54,882"
130970805.06,"$64,683"
130970805.07,"$83,113"
130970805.08,"$62,479"
130970805.09,"$100,119"
130970805.12,"$76,791"
130970805.13,"$84,477"
130970805.14,"$119,610"
130970805.15,"$105,605"
130970806.02,"$94,931"
130970806.05,"$66,691"
130970806.06,"$83,722"
130970806.07,"$110,723"
130970806.08,"$75,040"
131110501.00,"$50,628"
131110502.00,"$52,448"
131110503.00,"$52,662"
131110504.00,"$51,668"
131110505.00,"$64,898"
131131401.02,"$75,728"
131131401.03,"$77,098"
131131401.04,"$86,099"
131131402.03,"$97,041"
131131402.04,"$85,405"
131131402.06,"$120,037"
131131402.07,"$109,528"
131131402.09,"$86,446"
131131402.10,"$100,482"
131131403.03,"$96,751"
131131403.04,"$95,089"
131131403.05,"$107,240"
131131403.07,"$200,001"
131131403.08,"$113,440"
131131403.09,"$65,010"
131131404.03,"$95,925"
131131404.04,"$79,862"
131131404.05,"$107,313"
131131404.06,"$60,828"
131131404.08,"$103,359"
131131404.09,"$95,464"
131131404.10,"$59,807"
131131405.01,"$111,235"
131131405.02,"$92,060"
131150001.00,"$56,770"
131150002.02,"$83,663"
131150002.03,"$70,717"
131150002.04,"$69,856"
131150003.00,"$66,222"
131150004.01,"$61,427"
131150004.02,"$106,625"
131150004.03,"$69,719"
131150005.00,"$37,789"
131150006.00,"$39,210"
131150007.00,"$75,231"
131150008.00,"$77,480"
131150009.00,"$77,353"
131150011.00,"$40,298"
131150012.00,"$57,296"
131150013.01,"$41,240"
131150013.02,"$55,410"
131150014.00,"$79,559"
131150016.00,"$37,112"
131150017.03,"$68,651"
131150017.04,"$63,073"
131150017.05,"$49,167"
131150017.06,"$56,710"
131150018.00,"$48,855"
131150020.00,"$63,765"
131150021.00,"$39,866"
131171301.01,"$114,936"
131171301.02,"$94,706"
131171301.03,"$89,565"
131171301.05,"$71,417"
131171302.01,"$117,145"
131171302.02,"$125,817"
131171302.03,"$101,637"
131171302.04,"$106,078"
131171302.05,"$101,975"
131171303.01,"$127,634"
131171303.02,"$146,796"
131171303.03,"$106,829"
131171303.04,"$155,440"
131171303.05,"$133,597"
131171303.06,"$136,381"
131171303.07,"$133,319"
131171304.06,"$92,133"
131171304.09,"$79,877"
131171304.10,"$94,587"
131171304.11,"$98,389"
131171304.12,"$112,479"
131171304.13,"$71,267"
131171304.14,"$140,313"
131171304.15,"$109,138"
131171305.03,"$141,288"
131171305.04,"$89,331"
131171305.05,"$107,137"
131171305.06,"$97,518"
131171305.07,"$94,124"
131171305.08,"$140,722"
131171305.09,"$117,376"
131171305.11,"$165,014"
131171305.12,"$144,818"
131171306.01,"$103,948"
131171306.02,"$116,956"
131171306.03,"$150,315"
131171306.04,"$174,254"
131171306.05,"$147,126"
131171306.06,"$134,549"
131171306.07,"$161,541"
131171306.08,"$146,381"
131171306.09,"$148,413"
131171306.10,"$174,830"
131171306.11,"$172,406"
131171306.13,"$133,215"
131171306.14,"$119,142"
131171306.15,"$200,001"
131210001.00,"$172,147"
131210002.01,"$139,263"
131210002.02,"$200,001"
131210004.00,"$147,763"
131210005.01,"$88,592"
131210005.02,"$120,288"
131210006.01,"$85,138"
131210006.02,"$59,686"
131210007.00,"$110,944"
131210010.01,"$109,716"
131210010.02,"$45,418"
131210011.01,"$117,509"
131210011.02,"$151,297"
131210012.03,"$72,712"
131210012.04,"$117,692"
131210012.05,"$82,455"
131210012.06,"$120,544"
131210013.01,"$75,913"
131210013.02,"$115,272"
131210014.00,"$93,879"
131210015.01,"$80,705"
131210015.02,"$78,803"
131210016.00,"$107,471"
131210017.01,"$94,873"
131210017.02,"$114,752"
131210018.01,"$49,484"
131210018.02,"$83,267"
131210019.01,"$20,154"
131210019.02,"$75,451"
131210021.00,"$97,767"
131210023.00,"$32,350"
131210024.00,"$37,255"
131210025.00,"$35,511"
131210026.00,"$35,410"
131210028.01,"$70,756"
131210028.02,"$28,404"
131210029.00,"$100,000"
131210030.00,"$142,381"
131210031.00,"$110,946"
131210032.00,"$117,430"
131210035.00,"$61,858"
131210036.00,"$72,255"
131210037.00,"$23,112"
131210038.00,"$24,411"
131210039.00,"$37,809"
131210040.00,"$44,308"
131210041.00,"$77,129"
131210042.00,"$25,863"
131210043.00,"$67,880"
131210044.00,"$23,108"
131210048.00,"$17,142"
131210049.00,"$108,257"
131210050.00,"$97,833"
131210052.00,"$138,078"
131210053.00,"$136,474"
131210055.01,"$45,785"
131210055.03,"$24,501"
131210055.04,"$49,430"
131210057.00,"$35,349"
131210058.00,"$62,319"
131210060.00,"$51,949"
131210061.00,"$31,961"
131210062.00,"$48,880"
131210063.00,"$40,957"
131210064.00,"$42,307"
131210065.00,"$60,051"
131210066.01,"$63,915"
131210066.02,"$26,237"
131210067.01,"$29,341"
131210067.02,"$39,350"
131210068.01,"$75,000"
131210068.02,"$14,473"
131210069.00,"$83,330"
131210070.01,"$31,582"
131210070.02,"$48,359"
131210071.00,"$29,055"
131210072.00,"$58,795"
131210073.01,"$37,883"
131210073.02,"$26,784"
131210074.00,"$25,691"
131210075.00,"$28,866"
131210076.02,"$41,245"
131210076.03,"$12,991"
131210076.04,"$26,678"
131210077.03,"$53,553"
131210077.05,"$35,666"
131210077.07,"$61,330"
131210077.08,"$53,370"
131210077.09,"$82,557"
131210077.10,"$38,780"
131210077.11,"$53,405"
131210078.05,"$49,307"
131210078.06,"$53,731"
131210078.07,"$40,191"
131210078.08,"$13,632"
131210078.09,"$68,418"
131210078.10,"$50,463"
131210079.00,"$79,963"
131210080.00,"$52,820"
131210081.03,"$29,804"
131210081.04,"$50,631"
131210082.02,"$27,964"
131210082.03,"$39,988"
131210082.04,"$42,652"
131210083.01,"$31,165"
131210083.02,"$31,214"
131210084.00,"$25,658"
131210085.00,"$34,054"
131210086.01,"$24,268"
131210086.02,"$40,509"
131210087.01,"$32,677"
131210087.02,"$59,493"
131210088.01,"$122,392"
131210088.02,"$157,290"
131210089.03,"$83,881"
131210089.05,"$108,647"
131210089.06,"$160,151"
131210089.07,"$84,266"
131210089.08,"$64,094"
131210089.09,"$99,550"
131210090.01,"$72,361"
131210090.02,"$200,001"
131210091.03,"$96,022"
131210091.04,"$88,490"
131210091.05,"$200,001"
131210091.06,"$72,081"
131210092.01,"$63,754"
131210092.02,"$98,030"
131210092.03,"$84,625"
131210093.01,"$139,077"
131210093.02,"$130,211"
131210094.05,"$86,242"
131210094.06,"$87,044"
131210094.07,"$78,885"
131210094.08,"$60,125"
131210094.09,"$76,307"
131210094.10,"$93,853"
131210094.11,"$109,612"
131210095.01,"$200,001"
131210095.03,"$62,883"
131210095.04,"$108,213"
131210096.01,"$119,817"
131210096.04,"$85,700"
131210096.05,"$90,859"
131210096.06,"$200,001"
131210096.07,"$115,185"
131210097.00,"$200,001"
131210098.02,"$200,001"
131210098.03,"$120,325"
131210098.04,"$200,001"
131210099.00,"$186,859"
131210100.03,"$127,922"
131210100.04,"$200,001"
131210100.05,"$200,001"
131210100.06,"$108,837"
131210100.07,"$200,001"
131210101.06,"$92,521"
131210101.07,"$200,001"
131210101.08,"$142,809"
131210101.15,"$153,992"
131210101.17,"$70,255"
131210101.20,"$90,520"
131210101.21,"$113,141"
131210101.24,"$62,748"
131210101.25,"$79,440"
131210101.26,"$79,625"
131210101.27,"$115,905"
131210101.28,"$45,678"
131210101.29,"$102,031"
131210101.30,"$104,577"
131210101.31,"$109,000"
131210101.32,"$85,778"
131210101.33,"$95,399"
131210101.34,"$68,724"
131210101.35,"$57,806"
131210101.36,"$128,202"
131210101.37,"$84,590"
131210102.04,"$184,987"
131210102.11,"$189,478"
131210102.12,"$86,208"
131210102.13,"$58,517"
131210102.14,"$57,137"
131210102.15,"$121,718"
131210102.16,"$99,080"
131210102.17,"$95,185"
131210102.18,"$76,112"
131210102.19,"$82,172"
131210102.20,"$121,188"
131210102.21,"$108,619"
131210102.22,"$200,001"
131210102.23,"$190,434"
131210103.05,"$87,853"
131210103.06,"$124,659"
131210103.07,"$100,515"
131210103.08,"$95,648"
131210103.09,"$97,496"
131210103.10,"$85,097"
131210103.11,"$100,000"
131210103.12,"$96,254"
131210103.13,"$90,600"
131210103.14,"$112,093"
131210103.15,"$81,713"
131210104.01,"$55,331"
131210104.02,"$75,111"
131210105.08,"$70,338"
131210105.17,"$76,879"
131210105.18,"$72,309"
131210105.19,"$77,064"
131210105.20,"$68,687"
131210105.21,"$48,109"
131210105.22,"$53,172"
131210105.23,"$47,175"
131210105.24,"$50,416"
131210105.25,"$38,125"
131210105.26,"$66,407"
131210105.27,"$55,340"
131210105.28,"$41,617"
131210105.29,"$66,735"
131210105.30,"$59,137"
131210105.31,"$77,580"
131210105.32,"$47,109"
131210105.33,"$53,508"
131210105.34,"$43,422"
131210105.35,"$82,781"
131210105.36,"$83,690"
131210105.37,"$77,323"
131210105.38,"$86,661"
131210105.39,"$69,973"
131210105.40,"$72,016"
131210106.01,"$58,992"
131210106.03,"$52,640"
131210106.04,"$34,212"
131210108.01,"$71,632"
131210108.02,"$74,917"
131210110.00,"$39,595"
131210111.00,"$73,945"
131210112.02,"$51,873"
131210112.03,"$43,616"
131210112.04,"$50,025"
131210113.01,"$69,761"
131210113.06,"$43,453"
131210113.07,"$39,065"
131210113.08,"$41,787"
131210113.09,"$66,184"
131210113.10,"$45,024"
131210114.16,"$127,432"
131210114.17,"$100,872"
131210114.19,"$146,053"
131210114.21,"$72,565"
131210114.22,"$103,713"
131210114.23,"$153,744"
131210114.24,"$120,671"
131210114.26,"$148,415"
131210114.28,"$167,025"
131210114.29,"$124,711"
131210114.30,"$52,315"
131210114.31,"$86,079"
131210114.32,"$77,790"
131210114.33,"$165,137"
131210114.34,"$100,092"
131210114.35,"$85,554"
131210114.36,"$141,697"
131210114.37,"$108,885"
131210114.38,"$107,720"
131210114.39,"$150,564"
131210114.40,"$155,121"
131210114.41,"$112,456"
131210114.42,"$123,160"
131210114.43,"$169,355"
131210114.44,"$189,832"
131210114.45,"$165,932"
131210114.46,"$175,191"
131210115.05,"$179,930"
131210115.07,"$200,001"
131210115.08,"$200,001"
131210115.09,"$200,001"
131210115.10,"$197,214"
131210115.11,"$189,365"
131210115.12,"$200,001"
131210115.13,"$170,922"
131210115.14,"$200,001"
131210115.15,"$200,001"
131210116.12,"$179,139"
131210116.18,"$144,972"
131210116.24,"$200,001"
131210116.27,"$113,940"
131210116.28,"$106,680"
131210116.29,"$174,680"
131210116.30,"$143,564"
131210116.31,"$103,390"
131210116.32,"$128,459"
131210116.33,"$131,377"
131210116.34,"$103,210"
131210116.35,"$146,541"
131210116.36,"$84,040"
131210116.37,"$200,001"
131210116.38,"$134,508"
131210116.39,"$108,945"
131210116.40,"$128,919"
131210116.41,"$200,001"
131210116.42,"$103,983"
131210116.43,"$71,328"
131210116.44,"$104,404"
131210116.45,"$120,287"
131210116.46,"$97,954"
131210116.47,"$84,655"
131210116.48,"$161,465"
131210116.49,"$172,897"
131210116.50,"$131,060"
131210116.51,"$143,688"
131210116.52,"$105,472"
131210116.53,"$200,001"
131210116.54,"$128,817"
131210116.55,"$172,113"
131210116.56,"$182,987"
131210116.57,"$167,086"
131210116.58,"$140,297"
131210116.59,"$156,322"
131210116.60,"$111,398"
131210116.61,"$200,001"
131210118.01,"$54,868"
131210118.02,"$31,009"
131210119.01,"$42,944"
131210119.02,"$32,552"
131210120.00,"$20,792"
131210123.00,"$65,095"
131219800.00,$0
131230801.00,"$58,507"
131230802.00,"$66,977"
131230803.01,"$52,691"
131230803.02,"$57,462"
131230804.01,"$50,622"
131230804.02,"$72,139"
131230804.03,"$75,083"
131230805.00,"$61,058"
131299701.01,"$60,924"
131299701.02,"$46,097"
131299702.01,"$58,178"
131299702.02,"$75,675"
131299703.01,"$33,895"
131299703.02,"$51,577"
131299704.00,"$59,124"
131299705.00,"$54,502"
131299706.01,"$34,037"
131299706.02,"$38,247"
131299707.00,"$52,782"
131299708.01,"$87,145"
131299708.02,"$47,534"
131299709.01,"$79,981"
131299709.02,"$63,105"
131350501.05,"$57,818"
131350501.10,"$102,996"
131350501.11,"$59,863"
131350501.12,"$78,229"
131350501.13,"$68,897"
131350501.14,"$106,913"
131350501.16,"$156,929"
131350501.17,"$111,952"
131350501.18,"$89,719"
131350501.19,"$84,729"
131350501.20,"$121,206"
131350501.21,"$107,353"
131350502.05,"$68,041"
131350502.15,"$60,580"
131350502.18,"$78,536"
131350502.19,"$83,520"
131350502.21,"$60,464"
131350502.22,"$53,364"
131350502.23,"$69,003"
131350502.24,"$113,449"
131350502.26,"$79,431"
131350502.27,"$105,022"
131350502.28,"$54,721"
131350502.29,"$41,361"
131350502.30,"$51,988"
131350502.31,"$80,238"
131350502.32,"$104,093"
131350502.33,"$84,174"
131350502.34,"$114,728"
131350502.35,"$104,956"
131350502.36,"$65,476"
131350502.37,"$97,383"
131350502.38,"$92,141"
131350502.39,"$135,091"
131350502.40,"$150,252"
131350502.41,"$109,706"
131350502.42,"$113,668"
131350502.43,"$184,412"
131350502.44,"$184,016"
131350503.06,"$50,000"
131350503.08,"$181,458"
131350503.11,"$122,049"
131350503.15,"$57,245"
131350503.17,"$43,667"
131350503.18,"$48,502"
131350503.21,"$151,103"
131350503.22,"$163,717"
131350503.23,"$139,966"
131350503.24,"$69,316"
131350503.25,"$72,101"
131350503.26,"$46,548"
131350503.27,"$62,031"
131350503.28,"$52,015"
131350503.29,"$41,182"
131350503.30,"$56,308"
131350503.31,"$49,171"
131350503.32,"$53,042"
131350503.33,"$52,178"
131350503.34,"$59,243"
131350503.35,"$72,092"
131350503.36,"$81,792"
131350504.15,"$80,682"
131350504.16,"$75,898"
131350504.25,"$104,954"
131350504.27,"$94,076"
131350504.30,"$78,683"
131350504.33,"$56,381"
131350504.35,"$59,100"
131350504.37,"$55,811"
131350504.38,"$53,604"
131350504.39,"$50,312"
131350504.40,"$52,824"
131350504.41,"$44,666"
131350504.42,"$63,905"
131350504.43,"$74,246"
131350504.44,"$59,295"
131350504.45,"$39,982"
131350504.46,"$54,017"
131350504.47,"$39,923"
131350504.48,"$48,654"
131350504.49,"$49,736"
131350504.50,"$61,258"
131350504.51,"$40,492"
131350504.52,"$42,099"
131350504.53,"$41,322"
131350504.54,"$58,279"
131350504.55,"$50,539"
131350504.56,"$38,106"
131350504.57,"$110,586"
131350504.58,"$102,448"
131350504.59,"$57,744"
131350504.60,"$51,860"
131350504.61,"$77,482"
131350504.62,"$111,996"
131350504.63,"$45,676"
131350504.64,"$67,620"
131350504.65,"$76,688"
131350504.66,"$81,481"
131350505.20,"$56,461"
131350505.26,"$44,926"
131350505.29,"$69,845"
131350505.30,"$107,943"
131350505.36,"$71,899"
131350505.37,"$50,871"
131350505.39,"$52,722"
131350505.41,"$51,121"
131350505.42,"$46,619"
131350505.49,"$84,022"
131350505.50,"$70,256"
131350505.51,"$93,515"
131350505.52,"$103,086"
131350505.53,"$96,841"
131350505.54,"$58,602"
131350505.55,"$65,404"
131350505.56,"$84,384"
131350505.57,"$71,835"
131350505.58,"$79,762"
131350505.59,"$77,278"
131350505.60,"$117,985"
131350505.61,"$46,866"
131350505.62,"$59,199"
131350505.65,"$87,936"
131350505.66,"$86,269"
131350505.67,"$59,274"
131350505.68,"$84,560"
131350505.74,"$56,639"
131350505.75,"$95,425"
131350505.76,"$59,041"
131350505.77,"$57,819"
131350505.89,"$80,723"
131350505.90,"$98,358"
131350505.91,"$120,227"
131350507.15,"$87,126"
131350507.19,"$58,083"
131350507.22,"$76,881"
131350507.25,"$76,132"
131350507.29,"$64,534"
131350507.32,"$66,819"
131350507.33,"$62,585"
131350507.34,"$77,587"
131350507.38,"$105,996"
131350507.39,"$86,525"
131350507.49,"$84,968"
131350507.50,"$111,511"
131350507.56,"$125,872"
131350507.57,"$113,163"
131350507.60,"$128,133"
131350507.61,"$106,122"
131350507.62,"$109,501"
131350507.63,"$100,650"
131350507.64,"$90,525"
131350507.65,"$113,503"
131390015.02,"$89,788"
131430101.00,"$69,915"
131430102.01,"$51,414"
131430102.02,"$61,034"
131430103.01,"$73,738"
131430103.03,"$42,420"
131430103.04,"$73,428"
131430104.01,"$49,732"
131430104.02,"$61,082"
131499701.00,"$49,427"
131499702.00,"$63,618"
131499703.00,"$57,061"
131510701.09,"$72,446"
131510701.13,"$46,358"
131510701.14,"$52,071"
131510701.15,"$63,343"
131510701.16,"$80,299"
131510701.17,"$75,767"
131510701.18,"$88,490"
131510701.19,"$56,267"
131510701.20,"$76,421"
131510701.21,"$77,645"
131510701.22,"$75,504"
131510701.23,"$50,738"
131510701.24,"$79,996"
131510701.25,"$70,972"
131510701.26,"$55,724"
131510701.27,"$70,544"
131510701.28,"$67,062"
131510702.04,"$87,083"
131510702.06,"$90,308"
131510702.07,"$114,755"
131510702.08,"$97,855"
131510702.09,"$98,929"
131510702.10,"$122,114"
131510702.11,"$81,811"
131510702.12,"$57,593"
131510702.13,"$96,431"
131510702.14,"$103,886"
131510702.15,"$107,637"
131510702.16,"$120,045"
131510703.07,"$86,087"
131510703.10,"$92,888"
131510703.12,"$62,744"
131510703.13,"$97,054"
131510703.14,"$82,588"
131510703.15,"$107,221"
131510703.16,"$76,768"
131510703.17,"$62,643"
131510703.18,"$67,439"
131510703.19,"$80,884"
131510703.20,"$71,834"
131510703.21,"$80,293"
131510703.22,"$59,935"
131510703.23,"$39,944"
131510703.24,"$34,408"
131510703.25,"$37,094"
131510704.05,"$53,344"
131510704.06,"$57,841"
131510704.07,"$81,518"
131510704.08,"$65,472"
131510704.09,"$86,890"
131510704.10,"$77,842"
131510704.11,"$75,937"
131510704.12,"$76,187"
131510705.03,"$65,650"
131510705.04,"$52,765"
131510705.05,"$69,497"
131510705.06,"$84,379"
131510705.07,"$77,721"
131510705.08,"$99,102"
131879601.06,"$78,644"
131879602.03,"$65,410"
131879602.05,"$71,307"
131879602.06,"$59,769"
131999707.01,"$44,948"
131999707.02,"$66,145"
132130101.00,"$52,601"
132130102.01,"$55,928"
132130102.03,"$60,657"
132130102.04,"$64,657"
132130103.00,"$46,166"
132130104.01,"$50,312"
132130104.02,"$56,037"
132130105.00,"$59,466"
132130106.00,"$56,267"
132130107.00,"$48,636"
132171009.03,"$62,004"
132171009.05,"$71,821"
132231201.04,"$101,479"
132231201.05,"$144,790"
132231201.06,"$89,750"
132231201.07,"$112,015"
132231201.08,"$106,746"
132231201.09,"$108,738"
132231201.10,"$129,484"
132231201.11,"$111,022"
132231202.03,"$102,135"
132231202.05,"$116,703"
132231202.06,"$79,917"
132231202.07,"$105,676"
132231202.08,"$89,672"
132231203.01,"$59,776"
132231203.03,"$71,938"
132231203.04,"$75,434"
132231203.05,"$55,159"
132231203.06,"$62,485"
132231203.07,"$57,753"
132231204.01,"$65,645"
132231204.02,"$97,243"
132231204.03,"$65,269"
132231205.03,"$100,791"
132231205.04,"$78,011"
132231205.05,"$85,054"
132231205.06,"$88,288"
132231205.07,"$81,702"
132231206.01,"$83,538"
132231206.03,"$97,254"
132231206.04,"$103,964"
132231206.05,"$96,474"
132231206.06,"$113,676"
132231206.07,"$103,981"
132270501.01,"$133,081"
132270501.02,"$82,762"
132270502.01,"$75,038"
132270502.02,"$55,078"
132270503.00,"$69,550"
132270504.00,"$62,808"
132270505.00,"$65,659"
132270506.01,"$84,260"
132270506.02,"$52,785"
132330101.00,"$57,403"
132330102.01,"$60,861"
132330102.02,"$67,340"
132330103.00,"$50,776"
132330104.00,"$45,651"
132330105.00,"$44,069"
132330106.00,"$53,914"
132330107.00,"$47,495"
132470601.01,"$76,607"
132470602.01,"$48,659"
132470602.03,"$70,363"
132470602.04,"$83,212"
132470603.10,"$36,017"
132470603.11,"$72,621"
132470603.17,"$51,115"
132470603.18,"$48,051"
132470604.03,"$78,856"
132470604.06,"$91,297"
132470604.07,"$70,029"
132470604.08,"$89,690"
132470604.09,"$80,214"
132470604.10,"$65,663"
132470604.11,"$84,593"
132551601.01,"$51,321"
132551601.02,"$50,895"
132551602.01,"$70,433"
132551602.02,"$76,011"
132551603.00,"$33,645"
132551604.01,"$36,220"
132551604.02,"$26,203"
132551605.00,"$59,379"
132551606.00,"$63,470"
132551607.01,"$48,458"
132551607.02,"$65,617"
132551608.00,"$30,578"
132551609.00,"$36,365"
132551610.00,"$58,808"
132551611.00,"$69,969"
132551612.01,"$57,069"
132551612.02,"$55,893"
132859601.01,"$49,175"
132859601.02,"$49,403"
132910001.01,"$60,605"
132910001.03,"$75,785"
132910001.04,"$54,678"
132910002.01,"$56,371"
132910002.04,"$56,069"
132950201.01,"$40,681"
132950201.02,"$39,239"
132950202.00,"$35,983"
132950203.01,"$45,304"
132950203.02,"$43,520"
132950204.00,"$87,017"
132950205.03,"$57,159"
132950205.04,"$55,675"
132950205.05,"$66,575"
132950205.06,"$55,082"
132950206.01,"$80,110"
132950206.02,"$48,952"
132950207.01,"$37,989"
132950207.02,"$30,495"
132950208.00,"$56,725"
132950209.02,"$51,956"
132950209.03,"$50,684"
132950209.04,"$57,218"
133130001.01,"$75,000"
133130001.03,"$78,927"
133130001.04,"$66,672"
133130002.00,"$57,365"
133130003.01,"$56,268"
133130003.03,"$56,665"
133130003.04,"$72,928"
133130004.01,"$43,805"
133130004.02,"$44,739"
133130005.01,"$68,434"
133130005.02,"$36,880"
133130006.00,"$75,788"
133130007.00,"$62,534"
133130008.01,"$55,126"
133130008.02,"$68,822"
133130009.00,"$93,715"
133130010.00,"$50,079"
133130011.00,"$41,713"
133130012.00,"$47,808"
133130013.00,"$42,898"
133130014.00,"$77,757"
133130015.00,"$55,881"
280039501.00,"$54,959"
280039502.01,"$35,064"
280039502.02,"$82,564"
280039503.00,"$44,379"
280039504.01,"$65,863"
280039504.02,"$38,213"
280039505.01,"$37,586"
280039505.02,"$21,870"
280039506.00,"$50,631"
280039507.00,"$54,331"
280099501.02,"$42,778"
280099502.00,"$36,206"
280139501.00,"$44,642"
280139504.00,"$43,961"
280179501.00,"$33,112"
280179502.00,"$43,733"
280179503.00,"$36,639"
280179504.01,"$40,800"
280179504.02,"$46,227"
280199501.00,"$39,277"
280199502.00,"$41,547"
280199503.00,"$29,954"
280259501.00,"$38,188"
280259502.00,"$42,931"
280259503.00,"$25,000"
280259504.00,"$37,344"
280259505.00,"$53,084"
280579501.00,"$50,304"
280579502.01,"$66,179"
280579502.02,"$62,603"
280579503.00,"$41,463"
280579504.00,"$58,192"
280579505.00,"$56,552"
280819501.01,"$79,860"
280819501.02,"$49,586"
280819502.02,"$64,214"
280819502.03,"$116,328"
280819502.04,"$71,915"
280819503.01,"$78,441"
280819503.02,"$54,512"
280819504.01,"$67,054"
280819504.03,"$84,160"
280819504.04,"$110,447"
280819505.01,"$40,876"
280819505.02,"$71,708"
280819506.01,"$57,546"
280819506.02,"$37,543"
280819507.00,"$29,482"
280819508.00,"$46,379"
280819509.01,"$80,362"
280819509.02,"$57,538"
280819510.01,"$55,940"
280819510.02,"$36,837"
280819511.01,"$46,990"
280819511.02,"$73,494"
280819800.00,$0
280870001.02,"$64,992"
280870001.03,"$85,138"
280870001.04,"$72,720"
280870003.01,"$61,250"
280870003.02,"$76,491"
280870004.03,"$58,705"
280870004.04,"$69,281"
280870004.05,"$53,410"
280870004.06,"$84,875"
280870005.00,"$50,819"
280870006.00,"$21,418"
280870007.00,"$34,347"
280870008.00,"$18,914"
280870009.01,"$60,013"
280870009.02,"$24,463"
280870010.00,"$60,546"
280870011.00,"$37,549"
280879800.00,"$68,674"
280959501.01,"$53,401"
280959501.02,"$57,969"
280959502.01,"$73,922"
280959502.02,"$44,290"
280959503.00,"$61,695"
280959504.00,"$27,717"
280959505.01,"$48,695"
280959505.02,"$43,205"
280959506.00,"$45,749"
280959507.00,"$50,986"
280959508.00,"$39,130"
281039501.00,"$42,601"
281039502.00,"$40,017"
281059501.01,"$41,003"
281059501.02,"$47,924"
281059502.01,"$51,087"
281059502.02,"$43,707"
281059503.00,"$35,454"
281059504.01,"$14,807"
281059504.02,"$42,717"
281059505.00,"$31,872"
281059506.01,"$93,058"
281059506.03,"$62,260"
281059506.04,"$38,848"
281059507.01,"$59,604"
281059507.02,"$44,853"
281159501.01,"$54,766"
281159501.02,"$52,848"
281159502.00,"$57,098"
281159503.00,"$53,289"
281159504.00,"$50,922"
281159505.00,"$67,325"
281179501.01,"$45,111"
281179501.02,"$50,558"
281179502.01,"$53,356"
281179502.02,"$55,261"
281179503.01,"$29,244"
281179503.02,"$52,953"
281179504.00,"$55,484"
281179505.00,"$37,980"
281399501.00,"$41,029"
281399502.01,"$28,511"
281399502.02,"$37,459"
281399503.00,"$60,101"
281399504.01,"$57,831"
281399504.02,"$41,373"
281419501.01,"$47,241"
281419501.02,"$42,504"
281419502.00,"$35,000"
281419503.01,"$52,274"
281419503.02,"$48,159"
281419504.01,"$38,294"
281419504.02,"$50,074"
281459501.00,"$48,055"
281459502.00,"$49,179"
281459503.00,"$52,524"
281459504.00,"$42,780"
281459505.00,"$54,660"
281459506.00,"$51,066"
281559501.00,"$60,140"
281599501.00,"$45,014"
370399303.00,"$50,969"
370399304.01,"$51,925"
370399304.02,"$43,721"
370399305.01,"$73,627"
370399305.02,"$46,455"
370399306.03,"$43,130"
370399306.04,"$34,494"
370399306.05,"$48,734"
370399306.06,"$41,075"
470110115.01,"$66,005"
470110115.02,"$78,095"
470110116.01,"$54,702"
470110116.02,"$56,321"
470519606.00,"$47,756"
470519607.00,"$65,062"
470519608.00,"$54,703"
470559204.00,"$49,620"
470559206.00,"$62,232"
470559207.00,"$54,885"
470559208.00,"$53,195"
470650004.00,"$26,282"
470650006.00,"$95,106"
470650007.00,"$96,103"
470650008.00,"$61,161"
470650011.00,"$49,891"
470650012.00,"$31,177"
470650013.00,"$25,559"
470650014.00,"$56,174"
470650016.00,"$17,083"
470650018.00,"$64,302"
470650019.00,"$24,439"
470650020.00,"$84,373"
470650023.00,"$39,191"
470650024.00,"$33,812"
470650025.00,"$26,417"
470650026.00,"$32,358"
470650028.00,"$64,146"
470650029.00,"$43,332"
470650030.00,"$48,294"
470650031.00,"$78,688"
470650032.00,"$38,949"
470650033.00,"$52,207"
470650034.00,"$40,056"
470650105.02,"$83,147"
470650107.00,"$50,588"
470650108.00,"$46,368"
470650109.01,"$63,401"
470650109.02,"$63,213"
470650109.04,"$68,950"
470650112.03,"$102,865"
470650112.04,"$66,209"
470650112.05,"$117,404"
470650112.06,"$62,922"
470650113.11,"$75,718"
470650113.14,"$92,958"
470650113.21,"$94,066"
470650113.23,"$88,947"
470650113.24,"$142,451"
470650113.25,"$100,824"
470650113.26,"$73,933"
470650114.02,"$51,545"
470650114.11,"$56,675"
470650114.42,"$57,906"
470650114.44,"$39,208"
470650114.45,"$53,019"
470650114.46,"$75,875"
470650114.47,"$99,423"
470650114.48,"$55,020"
470650114.49,"$57,235"
470650116.00,"$45,890"
470650117.00,"$63,426"
470650118.00,"$56,188"
470650119.00,"$47,202"
470650120.00,"$160,176"
470650121.00,"$75,040"
470650122.00,"$26,026"
470650123.00,"$40,879"
470650124.00,"$52,876"
470659801.00,$0
470659802.00,$0
470699505.00,"$48,209"
470699506.00,"$37,842"
470719205.01,"$55,764"
470719205.02,"$39,083"
470719206.00,"$45,739"
470999606.00,"$43,593"
470999607.00,"$57,233"
470999609.00,"$49,421"
471039752.00,"$78,035"
471039753.00,"$46,655"
471039754.00,"$52,493"
471039755.00,"$63,902"
471039756.01,"$77,439"
471039756.02,"$63,902"
471039757.00,"$77,308"
471099305.01,"$43,575"
471099306.00,"$53,563"
471099307.00,"$53,219"
471150501.01,"$57,977"
471150501.02,"$59,448"
471150502.01,"$54,606"
471150502.03,"$58,527"
471150502.04,"$52,291"
471150503.01,"$44,380"
471150503.02,"$59,918"
471399501.00,"$37,212"
471399502.04,"$80,916"
471399503.00,"$46,322"
471399504.00,"$44,728"
471819503.00,"$43,785"
471819504.00,"$51,240"