Census Tract,2028 Total Population
010070100.05,"3,976"
010070100.06,"1,778"
010090501.03,"1,687"
010090501.04,"2,106"
010090501.05,"5,600"
010090501.06,"2,923"
010090501.07,"3,116"
010090502.00,"3,871"
010090503.01,"2,764"
010090503.02,"2,417"
010090504.00,"4,537"
010090505.01,"4,731"
010090505.02,"3,219"
010090506.01,"4,293"
010090506.03,"3,979"
010090506.04,"5,410"
010090507.01,"6,019"
010090507.02,"3,107"
010150002.00,"2,837"
010150003.00,"2,252"
010150004.00,"2,245"
010150005.00,"1,042"
010150006.00,"1,706"
010150007.00,"2,871"
010150008.00,"1,695"
010150009.00,"3,334"
010150010.00,"5,495"
010150011.01,"1,905"
010150011.02,"1,516"
010150011.03,"3,507"
010150012.01,"3,267"
010150012.02,"4,086"
010150013.00,"1,905"
010150014.00,"3,079"
010150015.01,"3,432"
010150015.02,"1,657"
010150016.00,"3,438"
010150017.00,"5,750"
010150018.01,"2,320"
010150018.02,"4,370"
010150020.01,"2,743"
010150020.02,"4,888"
010150021.01,"5,210"
010150021.02,"3,094"
010150021.04,"4,220"
010150021.05,"2,871"
010150022.00,"3,569"
010150023.00,"3,604"
010150024.00,"4,424"
010150025.02,"4,497"
010150025.03,"3,702"
010150025.04,"3,050"
010150026.00,"4,409"
010159819.01,14
010159819.02,5
010159819.03,0
010199557.01,"3,208"
010199557.02,"3,661"
010199558.01,"2,212"
010199558.02,"3,035"
010199559.00,"4,139"
010199560.00,"3,869"
010199561.01,"1,800"
010199561.02,"2,539"
010279589.00,"5,618"
010279590.00,"3,143"
010279591.00,"3,053"
010279592.00,"2,625"
010299595.00,"2,689"
010299596.00,"4,160"
010299597.00,"3,473"
010299598.00,"4,827"
010330201.00,"4,161"
010330202.00,"1,973"
010330203.00,"2,324"
010330204.00,"1,579"
010330205.00,"5,001"
010330206.00,"4,971"
010330207.03,"7,015"
010330207.04,"4,652"
010330207.05,"1,673"
010330207.06,"6,499"
010330208.01,"4,347"
010330208.02,"3,377"
010330209.01,"4,140"
010330209.02,"3,577"
010330210.00,"3,786"
010439641.00,"6,566"
010439642.01,"3,673"
010439642.02,"4,182"
010439643.00,"5,588"
010439644.00,"4,696"
010439645.00,"4,763"
010439646.00,"4,337"
010439647.00,"5,600"
010439648.00,"4,631"
010439649.01,"3,593"
010439649.02,"4,817"
010439650.01,"3,216"
010439650.02,"4,754"
010439651.00,"4,629"
010439652.00,"2,633"
010439653.00,"5,145"
010439654.01,"3,142"
010439654.02,"4,613"
010439655.01,"1,453"
010439655.02,"4,890"
010439656.00,"2,681"
010439657.00,"3,273"
010499601.01,"1,760"
010499601.02,"3,593"
010499602.00,"3,404"
010499603.01,907
010499603.02,"1,393"
010499603.03,"4,519"
010499604.01,"1,221"
010499604.02,"5,969"
010499605.00,"5,021"
010499606.01,"1,548"
010499606.02,"4,872"
010499607.01,"2,216"
010499607.02,"1,294"
010499607.03,"4,976"
010499608.00,"4,684"
010499609.00,"4,050"
010499610.00,"4,080"
010499611.00,"3,205"
010499612.00,"2,448"
010499613.00,"5,758"
010499614.00,"4,119"
010550002.00,"2,901"
010550003.00,"2,381"
010550004.00,"3,794"
010550005.00,"1,798"
010550006.00,"1,809"
010550007.00,"1,152"
010550008.00,898
010550009.00,"2,524"
010550010.00,"1,174"
010550011.00,"5,416"
010550012.00,"3,215"
010550013.00,"2,240"
010550016.00,"3,181"
010550017.00,"1,393"
010550101.00,"1,978"
010550102.01,"2,612"
010550102.02,"2,462"
010550103.00,"2,680"
010550104.01,"3,346"
010550104.02,"6,150"
010550105.03,"4,316"
010550105.04,"4,799"
010550105.05,"2,897"
010550105.06,"2,336"
010550106.01,"5,701"
010550106.02,"3,828"
010550107.00,"3,540"
010550108.00,"2,777"
010550109.00,"1,716"
010550110.01,"4,743"
010550110.02,"4,721"
010550111.00,"5,370"
010550112.00,"2,494"
010570200.00,"1,462"
010570201.00,"3,272"
010570202.00,"4,012"
010570203.00,"3,374"
010570204.00,"3,457"
010599729.00,"3,835"
010599730.00,"6,225"
010599731.00,"2,427"
010599732.00,"4,187"
010599733.00,"3,198"
010599734.00,"2,685"
010599735.00,"2,197"
010599736.00,"1,756"
010599737.01,"1,375"
010599737.02,955
010599737.03,"2,998"
010719501.01,"2,925"
010719501.02,"3,437"
010719502.00,"3,209"
010719503.01,"2,538"
010719503.02,"3,041"
010719504.00,"1,986"
010719505.00,"3,297"
010719506.01,"3,001"
010719506.02,"2,387"
010719507.00,"4,429"
010719508.00,"4,006"
010719509.01,"1,706"
010719509.02,"4,655"
010719510.00,"4,523"
010719511.01,"4,390"
010719511.02,"2,970"
010730001.00,"2,691"
010730003.00,"1,725"
010730004.00,"2,884"
010730005.00,"3,098"
010730007.00,"2,403"
010730008.00,"3,082"
010730011.00,"4,319"
010730012.00,"2,458"
010730014.00,"1,784"
010730015.00,"2,440"
010730016.00,"2,563"
010730019.02,"1,467"
010730020.00,"3,425"
010730021.00,"2,782"
010730022.00,"2,225"
010730023.03,"3,012"
010730023.05,"2,910"
010730023.06,"3,247"
010730024.01,"3,414"
010730024.02,"1,358"
010730027.01,"1,987"
010730027.02,"2,629"
010730029.00,"1,662"
010730030.01,"3,161"
010730030.02,"2,547"
010730031.00,"2,947"
010730032.00,"1,065"
010730033.00,840
010730034.00,"1,827"
010730035.00,"2,211"
010730036.00,"4,215"
010730037.00,"4,267"
010730038.02,"4,315"
010730038.03,"3,458"
010730039.00,919
010730040.00,"2,870"
010730042.00,"1,768"
010730045.01,"3,244"
010730045.02,"5,162"
010730047.01,"3,581"
010730047.02,"3,320"
010730048.00,"2,151"
010730049.01,"1,548"
010730049.02,"3,575"
010730050.00,"3,369"
010730051.01,"1,033"
010730051.03,"2,460"
010730051.04,"2,396"
010730052.00,"3,235"
010730053.02,"3,351"
010730055.00,"1,868"
010730056.00,"4,898"
010730057.01,"1,891"
010730057.02,"2,914"
010730058.00,"3,026"
010730059.03,"4,903"
010730059.05,"5,350"
010730059.07,"1,922"
010730059.08,"3,408"
010730059.09,"2,385"
010730059.10,"4,804"
010730100.01,"5,490"
010730100.02,"4,840"
010730101.00,"1,381"
010730102.00,"2,085"
010730103.01,"2,342"
010730103.02,"3,672"
010730104.01,"3,486"
010730104.02,"2,061"
010730105.00,"1,598"
010730106.03,"2,153"
010730106.04,"4,492"
010730106.05,990
010730107.01,"1,788"
010730107.02,"4,817"
010730107.03,"2,416"
010730107.04,"5,145"
010730107.05,"4,380"
010730107.06,"5,342"
010730108.01,"6,883"
010730108.02,"3,703"
010730108.03,"6,004"
010730108.04,"3,311"
010730108.06,"6,688"
010730108.07,"1,379"
010730109.00,"4,543"
010730110.02,"1,859"
010730110.03,"2,199"
010730110.04,"3,577"
010730111.08,"5,333"
010730111.09,"4,230"
010730111.10,"5,923"
010730111.12,"3,830"
010730111.13,"3,938"
010730111.14,"9,403"
010730111.15,"5,586"
010730111.16,"3,207"
010730111.17,"5,792"
010730112.05,"2,082"
010730112.06,"5,119"
010730112.07,"4,950"
010730112.08,"4,659"
010730112.09,"3,083"
010730112.10,"3,532"
010730113.01,"3,484"
010730113.03,"4,136"
010730113.04,"4,086"
010730114.01,"2,397"
010730114.02,"4,172"
010730115.00,"5,818"
010730116.00,"3,848"
010730117.04,"4,316"
010730117.06,"2,339"
010730117.07,"4,152"
010730117.08,"6,450"
010730117.09,"4,743"
010730117.10,"3,589"
010730118.03,"4,755"
010730118.04,"2,962"
010730118.05,"3,463"
010730118.06,"3,459"
010730119.01,"2,754"
010730119.04,"1,943"
010730120.01,"4,451"
010730120.03,"2,420"
010730120.04,"5,556"
010730121.03,"4,134"
010730121.04,"2,738"
010730122.00,"3,894"
010730123.02,"4,010"
010730123.04,"2,515"
010730123.06,"3,361"
010730123.07,"3,903"
010730124.01,"3,455"
010730124.02,"2,936"
010730124.03,"3,451"
010730125.00,"3,913"
010730126.02,"3,068"
010730127.01,"4,469"
010730127.03,"8,113"
010730127.04,"2,736"
010730128.02,"3,059"
010730128.04,"4,231"
010730128.05,"2,662"
010730129.05,"4,805"
010730129.07,"4,766"
010730129.08,"4,504"
010730129.10,"4,499"
010730129.11,"7,252"
010730129.13,"4,232"
010730129.14,"2,497"
010730129.16,"3,780"
010730129.17,"2,910"
010730129.18,"2,472"
010730129.19,"2,706"
010730129.20,"2,985"
010730129.21,"3,574"
010730130.02,"1,796"
010730131.00,"3,770"
010730132.00,"2,164"
010730133.00,"3,041"
010730134.00,"4,241"
010730136.01,"2,877"
010730138.01,"1,842"
010730139.01,"1,494"
010730139.02,"2,165"
010730140.01,"3,722"
010730140.02,"3,312"
010730141.04,"3,805"
010730141.05,"5,091"
010730141.06,"2,840"
010730141.07,"2,098"
010730142.05,"3,185"
010730142.06,"5,072"
010730142.07,"6,718"
010730142.08,"6,078"
010730142.09,"4,798"
010730143.01,"3,245"
010730143.03,"7,215"
010730143.04,"4,449"
010730144.04,"5,717"
010730144.05,"4,062"
010730144.06,"6,354"
010730144.08,"4,055"
010730144.09,"3,245"
010730144.10,"5,517"
010730144.12,"4,147"
010730144.14,"6,673"
010730144.15,"3,769"
010750300.00,"4,152"
010750301.01,"3,340"
010750301.02,"2,074"
010750302.00,"3,875"
010770101.00,"2,248"
010770102.00,"1,817"
010770103.00,"1,175"
010770104.00,"3,408"
010770106.00,"2,839"
010770107.00,"1,590"
010770108.00,"3,608"
010770109.01,"3,625"
010770109.02,"3,742"
010770110.00,"4,596"
010770111.01,"5,857"
010770111.02,"4,599"
010770112.00,"4,077"
010770113.00,"2,125"
010770114.01,"3,244"
010770114.02,"2,849"
010770115.02,"5,434"
010770115.03,"3,020"
010770115.04,"4,309"
010770116.02,"4,714"
010770116.03,"4,662"
010770116.05,"2,792"
010770116.06,"4,671"
010770117.00,"4,759"
010770118.01,"4,576"
010770118.02,"4,012"
010799791.00,"1,532"
010799792.01,"1,903"
010799792.02,"2,265"
010799793.00,"4,446"
010799794.00,"4,298"
010799795.01,"2,555"
010799795.02,"3,147"
010799796.00,"5,390"
010799797.00,"1,928"
010799798.00,"3,405"
010799799.00,"1,778"
010830201.01,"5,007"
010830201.03,"3,727"
010830201.04,"4,741"
010830202.01,"5,992"
010830202.02,"6,363"
010830203.00,"4,239"
010830204.02,"6,779"
010830204.03,"3,808"
010830204.04,"3,760"
010830205.00,"3,221"
010830206.00,"5,065"
010830207.00,"2,991"
010830208.03,"6,811"
010830208.04,"6,420"
010830208.05,"5,581"
010830208.06,"4,524"
010830209.00,"4,908"
010830210.00,"2,648"
010830211.01,"4,047"
010830211.02,"4,509"
010830212.01,"10,780"
010830212.02,"7,350"
010830212.03,"6,620"
010890002.03,"5,530"
010890003.01,"3,932"
010890003.02,"3,526"
010890004.03,"4,812"
010890005.01,"1,871"
010890005.02,"2,259"
010890005.03,"1,750"
010890006.01,"1,447"
010890006.02,"2,288"
010890007.01,"2,982"
010890007.02,"2,814"
010890009.01,"5,758"
010890009.02,"1,985"
010890010.00,"3,192"
010890012.00,"2,844"
010890013.01,"3,562"
010890013.02,"1,937"
010890014.01,"2,717"
010890014.03,"3,997"
010890014.04,"4,023"
010890015.00,"5,722"
010890017.00,"1,894"
010890018.01,"3,824"
010890019.01,"3,453"
010890019.02,"2,709"
010890019.03,"2,882"
010890020.00,"2,210"
010890021.00,"3,881"
010890022.00,"2,177"
010890023.00,"5,439"
010890024.00,"5,471"
010890025.01,"3,144"
010890025.02,"3,193"
010890026.00,"4,152"
010890027.01,"2,717"
010890027.21,"3,954"
010890027.22,"3,083"
010890028.01,"5,289"
010890028.03,"6,084"
010890028.04,"2,883"
010890029.11,"4,438"
010890029.12,"2,418"
010890029.22,"4,193"
010890029.23,"3,562"
010890029.24,"3,808"
010890030.00,"2,757"
010890031.00,"5,141"
010890101.01,"5,456"
010890101.02,"6,237"
010890102.00,"6,371"
010890103.02,"4,562"
010890103.03,"4,092"
010890103.04,"6,266"
010890104.03,"3,357"
010890104.04,"2,965"
010890104.05,"4,028"
010890104.06,"3,568"
010890105.02,"4,638"
010890105.03,"6,550"
010890105.04,"8,025"
010890106.12,"10,290"
010890106.23,"7,878"
010890106.25,"6,225"
010890106.26,"5,005"
010890106.27,"5,296"
010890106.28,"3,594"
010890106.29,"5,271"
010890106.30,"3,631"
010890106.31,"5,151"
010890107.03,"5,268"
010890107.04,"6,603"
010890107.05,"3,529"
010890107.06,"5,040"
010890108.01,"6,212"
010890108.02,"5,411"
010890109.02,"3,228"
010890109.03,"7,011"
010890109.04,"5,471"
010890109.05,"8,949"
010890110.12,"7,069"
010890110.13,"4,874"
010890110.21,"5,546"
010890110.23,"6,338"
010890110.24,"5,455"
010890110.25,"6,742"
010890110.26,"4,611"
010890110.27,"3,067"
010890110.28,"4,706"
010890111.00,"1,612"
010890112.01,"6,631"
010890112.02,"5,373"
010890112.03,"7,309"
010890113.01,"4,103"
010890113.02,"5,363"
010890114.00,"4,435"
010939640.01,"3,089"
010939640.02,"1,350"
010939641.00,"2,491"
010939642.00,"1,303"
010939643.00,"4,628"
010939644.01,"3,603"
010939644.02,"1,841"
010939645.00,"1,870"
010939646.00,"2,947"
010939647.01,"2,446"
010939647.02,"3,026"
010950301.01,"1,680"
010950301.02,"1,540"
010950302.03,"4,281"
010950302.04,"1,858"
010950302.05,"1,228"
010950302.06,"3,833"
010950303.01,"2,372"
010950303.02,"4,611"
010950304.01,"4,877"
010950304.02,"3,473"
010950305.01,"2,747"
010950305.02,"4,871"
010950306.01,"2,883"
010950306.02,"4,180"
010950307.01,"3,815"
010950307.02,"4,065"
010950308.01,"5,011"
010950308.03,"2,352"
010950308.04,"5,791"
010950309.02,"5,052"
010950309.03,"6,342"
010950309.04,"5,865"
010950310.01,"3,513"
010950310.02,"2,551"
010950311.00,"5,341"
010950312.00,"5,907"
011030001.00,"4,506"
011030002.00,"3,857"
011030003.00,"2,974"
011030004.00,"3,966"
011030006.00,"3,275"
011030007.00,"4,114"
011030008.00,"3,268"
011030009.00,"5,946"
011030010.00,"3,401"
011030051.01,"5,312"
011030051.03,852
011030051.05,"2,195"
011030051.06,"6,830"
011030051.07,"4,463"
011030051.08,"3,957"
011030051.09,"5,008"
011030052.01,"2,123"
011030052.02,"4,732"
011030053.02,"4,355"
011030053.03,"3,981"
011030053.04,"6,301"
011030053.05,"4,756"
011030053.06,"3,910"
011030054.04,"6,439"
011030054.05,"5,138"
011030055.00,"5,885"
011030056.01,"3,255"
011030056.02,"2,400"
011030057.01,"2,795"
011030057.03,"2,805"
011030057.04,"3,089"
011070500.00,"4,226"
011070501.00,"3,005"
011070502.00,"1,747"
011070503.00,"4,696"
011070504.01,"1,823"
011070504.02,"2,562"
011110001.00,"3,839"
011110002.00,"3,505"
011110003.00,"3,943"
011110004.00,"4,344"
011110005.00,"4,338"
011110006.00,"1,949"
011150401.04,"5,644"
011150401.05,"4,403"
011150401.07,"6,838"
011150401.08,"5,651"
011150401.09,"2,661"
011150401.10,"5,171"
011150402.06,"2,623"
011150402.07,"3,203"
011150402.08,"3,012"
011150402.09,"3,591"
011150402.10,"3,924"
011150402.11,"3,241"
011150402.12,"3,131"
011150402.13,"3,376"
011150403.01,"2,751"
011150403.02,"2,750"
011150404.01,"5,137"
011150404.02,"4,136"
011150405.03,"4,844"
011150405.04,"5,553"
011150405.05,"2,152"
011150405.06,"5,919"
011150405.07,"4,067"
011150405.08,"2,027"
011170301.02,"4,117"
011170301.03,"1,262"
011170302.11,"3,365"
011170302.12,"3,643"
011170302.15,"5,169"
011170302.16,"8,770"
011170302.18,"5,328"
011170302.19,"5,412"
011170302.20,"6,387"
011170302.21,"5,569"
011170303.04,"6,453"
011170303.05,"3,954"
011170303.06,"3,940"
011170303.14,"3,334"
011170303.15,"6,074"
011170303.16,"5,339"
011170303.17,"4,158"
011170303.19,"2,737"
011170303.20,"5,762"
011170303.30,"5,613"
011170303.31,"4,568"
011170303.36,"10,569"
011170303.37,"2,074"
011170303.40,"5,706"
011170303.41,"2,517"
011170303.45,"3,911"
011170303.46,"4,040"
011170303.47,"4,748"
011170303.48,"5,895"
011170303.49,"1,238"
011170303.50,"3,644"
011170303.51,"4,893"
011170303.52,"6,181"
011170304.08,"3,180"
011170306.07,"6,218"
011170306.10,"4,437"
011170306.12,"2,945"
011170306.14,"4,443"
011170306.15,"7,379"
011170306.16,"2,822"
011170307.01,"5,873"
011170307.03,"4,030"
011170308.00,"4,403"
011170309.00,"2,616"
011179800.00,21
011179801.00,3
011210101.01,"5,543"
011210101.02,"5,013"
011210102.01,"4,940"
011210102.02,"4,468"
011210103.01,"3,023"
011210103.02,"4,549"
011210104.00,"2,775"
011210105.00,"2,554"
011210106.00,"2,932"
011210107.00,"3,010"
011210109.00,"3,161"
011210110.00,"2,999"
011210111.00,"4,385"
011210112.00,"2,529"
011210113.01,"2,906"
011210113.02,"2,994"
011210114.00,"2,639"
011210115.01,"2,827"
011210115.02,"2,885"
011210116.00,"4,763"
011210117.00,"3,900"
011250101.01,"4,081"
011250101.02,"4,224"
011250101.04,"3,895"
011250101.05,"3,875"
011250102.01,"5,264"
011250102.03,"3,385"
011250102.04,"5,302"
011250102.05,"6,954"
011250102.06,"5,214"
011250103.02,"4,545"
011250103.04,"5,213"
011250103.05,"4,082"
011250104.03,"4,379"
011250104.04,"3,116"
011250104.05,"6,138"
011250104.06,"4,787"
011250104.07,"3,646"
011250105.00,"2,216"
011250106.01,"6,254"
011250106.03,"6,495"
011250106.04,"7,299"
011250107.03,"3,823"
011250107.06,"4,540"
011250108.03,"2,921"
011250112.00,"9,228"
011250114.02,"3,983"
011250116.00,"3,020"
011250126.00,"2,436"
011250127.00,"4,347"
011250128.00,"2,258"
011270201.00,"3,617"
011270202.00,"4,253"
011270203.01,"4,102"
011270203.02,"3,168"
011270204.00,"2,077"
011270206.00,"2,504"
011270207.00,"3,258"
011270208.01,"2,379"
011270208.02,"3,120"
011270209.00,"4,647"
011270210.00,"3,207"
011270211.00,"3,066"
011270212.00,"2,929"
011270213.00,"3,304"
011270214.00,"3,645"
011270215.00,"2,825"
011270216.00,"1,640"
011270217.00,"4,541"
011270218.00,"3,207"
011270219.00,"2,099"
011339655.01,"2,259"
011339655.02,"2,606"
011339655.03,"2,732"
011339656.01,"2,026"
011339656.02,"2,874"
011339657.00,"4,615"
011339658.00,"3,794"
011339659.00,"2,088"
130159601.01,"1,636"
130159601.03,"3,671"
130159601.04,"3,133"
130159601.05,"3,661"
130159602.01,"3,757"
130159602.02,"3,705"
130159602.03,"5,459"
130159603.01,"3,532"
130159603.02,"4,700"
130159604.03,"5,469"
130159604.04,"5,265"
130159604.05,"5,162"
130159604.06,"3,162"
130159604.07,"2,266"
130159605.01,"6,068"
130159605.02,"3,788"
130159606.01,"6,199"
130159606.02,"4,231"
130159607.01,"4,524"
130159607.02,"3,727"
130159608.01,"3,979"
130159608.02,"3,116"
130159608.04,"8,577"
130159608.05,"1,957"
130159609.01,"3,298"
130159609.02,"7,747"
130159610.01,"5,398"
130159610.02,"3,387"
130351502.01,"5,436"
130351503.00,"8,860"
130459101.01,"7,371"
130459101.03,"5,764"
130459101.05,"5,667"
130459101.06,"4,949"
130459102.01,"3,654"
130459102.02,"6,797"
130459102.03,"5,431"
130459103.01,"3,293"
130459103.02,"3,701"
130459104.00,"3,807"
130459105.02,"3,176"
130459105.03,"4,826"
130459105.04,"4,822"
130459106.00,"6,658"
130459107.04,"4,266"
130459107.05,"5,414"
130459107.06,"4,437"
130459107.07,"4,681"
130459107.08,"3,812"
130459107.09,"4,684"
130459108.00,"4,306"
130459109.00,"3,860"
130459110.01,"3,529"
130459110.02,"3,171"
130459111.01,"4,825"
130459111.02,"3,221"
130459112.01,"2,887"
130459112.02,"3,130"
130470301.00,"7,928"
130470302.01,"5,177"
130470302.02,"6,465"
130470303.03,"3,241"
130470303.04,"3,714"
130470303.05,"1,983"
130470303.06,"5,752"
130470304.02,"7,095"
130470304.03,"5,583"
130470304.04,"2,679"
130470305.01,"3,276"
130470305.02,"3,671"
130470306.00,"5,023"
130470307.01,"3,764"
130470307.02,"4,530"
130550101.00,"2,268"
130550102.01,"3,067"
130550102.02,"3,406"
130550103.00,"2,992"
130550104.01,"2,465"
130550104.02,"2,741"
130550105.01,"2,058"
130550105.02,"3,452"
130550106.00,"2,486"
130570901.01,"4,613"
130570901.02,"6,553"
130570901.03,"2,564"
130570902.01,"2,755"
130570902.02,"8,331"
130570903.01,"5,797"
130570903.02,"2,844"
130570903.03,"8,004"
130570904.01,"5,683"
130570904.02,"10,959"
130570905.03,"5,322"
130570905.04,"5,787"
130570905.05,"6,226"
130570905.06,"5,977"
130570905.07,"2,355"
130570906.03,"6,611"
130570906.04,"3,632"
130570906.05,"4,180"
130570906.06,"5,028"
130570907.03,"7,334"
130570907.04,"4,138"
130570907.05,"3,160"
130570907.06,"5,118"
130570907.07,"4,631"
130570907.08,"5,730"
130570907.09,"4,187"
130570907.10,"4,667"
130570908.05,"5,426"
130570908.06,"4,962"
130570908.07,"8,942"
130570908.08,"7,897"
130570908.09,"4,499"
130570908.10,"5,307"
130570909.05,"5,267"
130570909.06,"7,044"
130570909.07,"5,399"
130570909.08,"5,752"
130570909.09,"7,156"
130570909.10,"5,715"
130570909.11,"5,445"
130570909.12,"4,077"
130570910.01,"7,167"
130570910.06,"4,833"
130570910.07,"6,494"
130570910.09,"6,920"
130570910.10,"3,048"
130570910.11,"4,845"
130570910.12,"4,711"
130570910.13,"6,004"
130570910.14,"4,940"
130570911.01,"6,390"
130570911.04,"7,174"
130570911.05,"7,614"
130570911.06,"5,418"
130570911.07,"3,416"
130570911.08,"1,949"
130630402.02,"3,457"
130630402.03,"4,377"
130630402.04,"5,990"
130630403.02,"5,685"
130630403.06,"3,907"
130630403.07,"5,370"
130630403.08,"4,737"
130630403.09,"3,144"
130630403.10,"4,376"
130630404.07,"5,324"
130630404.09,"6,252"
130630404.10,"8,037"
130630404.14,"2,106"
130630404.16,"4,144"
130630404.17,"5,101"
130630404.18,"2,377"
130630404.19,"6,264"
130630404.20,"7,313"
130630404.21,"7,559"
130630404.22,"3,103"
130630404.23,"3,606"
130630404.24,"3,610"
130630404.25,"5,255"
130630404.26,"2,733"
130630404.27,"5,591"
130630405.09,"4,684"
130630405.10,"3,567"
130630405.12,"5,223"
130630405.13,"5,601"
130630405.18,"5,582"
130630405.19,"5,087"
130630405.21,"3,263"
130630405.22,"5,273"
130630405.23,"2,549"
130630405.25,"2,939"
130630405.27,"4,048"
130630405.28,"3,709"
130630405.29,"3,415"
130630405.30,"4,367"
130630405.31,"2,550"
130630405.32,"2,299"
130630405.33,"4,637"
130630405.34,"4,021"
130630405.35,"3,859"
130630405.36,"3,343"
130630405.37,"3,885"
130630405.38,"2,874"
130630406.06,"8,592"
130630406.09,"7,474"
130630406.14,"5,649"
130630406.15,"2,028"
130630406.17,"1,533"
130630406.23,"6,050"
130630406.24,"3,325"
130630406.25,"5,830"
130630406.26,"5,360"
130630406.27,"5,605"
130630406.28,"3,596"
130630406.29,"2,699"
130630406.30,"4,164"
130630406.31,"8,387"
130630406.32,"5,383"
130630406.33,"3,394"
130630406.34,"3,880"
130630406.35,"2,588"
130630406.36,"6,465"
130630406.37,"3,323"
130630406.38,"3,465"
130630406.39,"5,877"
130639800.00,0
130670301.04,"4,175"
130670301.07,"5,567"
130670301.08,"5,202"
130670301.09,"4,238"
130670301.10,"5,254"
130670301.11,"4,851"
130670301.12,"2,955"
130670301.13,"4,263"
130670302.20,"1,737"
130670302.33,"4,935"
130670302.35,"5,750"
130670302.36,"5,281"
130670302.40,"5,299"
130670302.41,"3,179"
130670302.42,"4,467"
130670302.43,"4,458"
130670302.44,"4,867"
130670302.45,"3,231"
130670302.46,"4,074"
130670302.47,"5,066"
130670302.48,"6,876"
130670302.49,"4,122"
130670302.50,"5,797"
130670302.51,"3,483"
130670302.52,"5,222"
130670302.53,"3,638"
130670302.54,"1,917"
130670302.55,"4,858"
130670302.56,"4,338"
130670302.57,"4,105"
130670302.58,"3,172"
130670302.59,"3,740"
130670302.60,"2,963"
130670302.61,"3,525"
130670302.62,"4,661"
130670302.63,"3,177"
130670302.64,"2,969"
130670302.65,"3,332"
130670302.66,"2,995"
130670302.67,"3,210"
130670302.68,"3,762"
130670302.69,"3,580"
130670302.70,"3,569"
130670302.71,"2,969"
130670302.72,"2,505"
130670302.73,"3,859"
130670302.74,"4,029"
130670302.75,"2,221"
130670302.76,"3,364"
130670302.77,"3,554"
130670302.78,"4,961"
130670303.19,"4,716"
130670303.22,"3,736"
130670303.24,"3,627"
130670303.26,"4,576"
130670303.27,"5,002"
130670303.29,"4,637"
130670303.31,"6,098"
130670303.32,"3,142"
130670303.34,"3,528"
130670303.35,"5,312"
130670303.37,"5,048"
130670303.40,"4,027"
130670303.41,"5,075"
130670303.42,"4,945"
130670303.43,"4,827"
130670303.44,"3,595"
130670303.45,"8,368"
130670303.46,"3,479"
130670303.47,"4,809"
130670303.48,"5,234"
130670303.49,"3,584"
130670303.50,"2,425"
130670303.51,"2,826"
130670303.52,"5,226"
130670303.53,"3,821"
130670303.54,"4,683"
130670303.55,"2,540"
130670303.56,"4,862"
130670303.57,"2,451"
130670303.58,"3,962"
130670303.59,"4,308"
130670303.60,"2,442"
130670303.61,"3,613"
130670303.62,"3,230"
130670303.63,"3,250"
130670303.64,"3,067"
130670303.65,"3,339"
130670303.66,"3,088"
130670303.67,"2,771"
130670303.68,"2,921"
130670303.69,"3,781"
130670303.70,"4,155"
130670304.05,"6,486"
130670304.07,"5,505"
130670304.08,"3,926"
130670304.09,"3,560"
130670304.10,"5,068"
130670304.11,"2,686"
130670304.12,"4,983"
130670304.13,"6,500"
130670304.14,"3,307"
130670305.05,"6,254"
130670305.06,"4,544"
130670305.07,"5,192"
130670305.08,"3,356"
130670305.09,"3,743"
130670305.10,"1,885"
130670305.11,"4,812"
130670306.02,"7,624"
130670306.03,"6,361"
130670306.04,"4,202"
130670307.00,"4,912"
130670308.00,"5,804"
130670309.06,"4,025"
130670309.07,"3,960"
130670309.08,"4,098"
130670309.09,"3,053"
130670309.10,"3,772"
130670309.11,"3,734"
130670309.12,"6,800"
130670310.01,"5,645"
130670310.04,"8,446"
130670310.05,"5,825"
130670310.06,"4,786"
130670310.07,"5,293"
130670311.01,"5,885"
130670311.10,"2,957"
130670311.11,"3,456"
130670311.12,"5,922"
130670311.13,"1,358"
130670311.14,"7,488"
130670311.15,"4,901"
130670311.16,"4,616"
130670311.17,"5,608"
130670311.18,"6,341"
130670311.19,"4,040"
130670311.20,"4,474"
130670311.21,"2,890"
130670311.22,"3,065"
130670312.07,"6,039"
130670312.09,"4,658"
130670312.12,"2,407"
130670312.13,"2,691"
130670312.14,"3,665"
130670312.15,"5,447"
130670312.16,"3,365"
130670312.17,"4,507"
130670312.18,"2,180"
130670312.19,"2,330"
130670312.20,"2,983"
130670312.21,"3,937"
130670313.06,"5,127"
130670313.08,"5,591"
130670313.14,"8,014"
130670313.15,"5,143"
130670313.16,"5,996"
130670313.17,"4,458"
130670313.18,"4,943"
130670313.19,"5,242"
130670313.20,"4,675"
130670313.21,"2,446"
130670313.22,"5,022"
130670313.23,"2,836"
130670313.24,"3,983"
130670313.25,"2,247"
130670314.09,"6,366"
130670314.10,"4,661"
130670314.11,"4,361"
130670314.12,"4,589"
130670314.13,"3,561"
130670314.14,"4,503"
130670314.15,"2,610"
130670314.16,"4,327"
130670314.17,"3,036"
130670315.06,"7,316"
130670315.07,"3,459"
130670315.10,"3,458"
130670315.11,"5,712"
130670315.12,"6,211"
130670315.13,"5,490"
130670315.14,"2,697"
130670315.15,"4,577"
130670315.16,"2,562"
130670315.17,"3,819"
130670315.18,"2,738"
130771701.01,"2,040"
130771701.02,"5,626"
130771702.00,"7,315"
130771703.03,"6,853"
130771703.04,"6,703"
130771703.07,"7,235"
130771703.08,"5,803"
130771703.09,"5,829"
130771703.10,"4,358"
130771704.03,"6,486"
130771704.04,"5,259"
130771704.05,"8,428"
130771704.06,"4,047"
130771704.07,"1,468"
130771704.08,"7,324"
130771705.01,"9,237"
130771705.02,"9,294"
130771705.03,"9,303"
130771706.03,"7,597"
130771706.04,"4,888"
130771706.05,"3,766"
130771706.06,"5,784"
130771706.07,"4,037"
130771707.01,"3,851"
130771707.02,"4,148"
130771708.01,"6,707"
130771708.02,"5,513"
130830401.02,"3,671"
130830401.03,"2,545"
130830401.04,"2,021"
130830402.00,"4,243"
130830403.00,"3,762"
130859701.01,"1,723"
130859701.02,"5,640"
130859701.03,"2,901"
130859702.03,"5,367"
130859702.04,"4,687"
130859702.05,"7,784"
130859702.06,"5,585"
130890201.00,"1,921"
130890202.00,"2,245"
130890203.00,"4,151"
130890204.00,"2,450"
130890205.00,"3,595"
130890206.00,"4,139"
130890207.00,"3,434"
130890208.01,"2,570"
130890208.02,"4,361"
130890209.01,"3,518"
130890209.02,"2,673"
130890211.01,"3,902"
130890211.03,"4,801"
130890211.04,"2,460"
130890212.04,"3,919"
130890212.08,"5,238"
130890212.10,"5,798"
130890212.11,"4,639"
130890212.13,"3,356"
130890212.17,"2,846"
130890212.19,"5,168"
130890212.20,"3,361"
130890212.21,"2,744"
130890212.22,"4,990"
130890212.23,"2,691"
130890212.24,"3,755"
130890212.25,"2,039"
130890212.26,"3,359"
130890212.27,"5,506"
130890212.28,"2,905"
130890212.29,"3,107"
130890212.30,"5,745"
130890213.01,"4,031"
130890213.05,"5,303"
130890213.06,"7,191"
130890213.07,"3,854"
130890213.08,"4,410"
130890213.09,"2,040"
130890213.10,"4,273"
130890214.05,"4,913"
130890214.09,"2,967"
130890214.10,"4,926"
130890214.11,"4,111"
130890214.12,"4,363"
130890214.15,"3,950"
130890214.16,"2,591"
130890214.17,"4,571"
130890214.18,"2,450"
130890214.19,"2,270"
130890214.20,"2,022"
130890214.21,"2,404"
130890215.02,"5,910"
130890215.03,"4,188"
130890215.05,"3,000"
130890215.06,"3,326"
130890216.02,"5,047"
130890216.04,"3,409"
130890216.06,"4,158"
130890216.07,"2,292"
130890216.08,"4,580"
130890216.09,"2,117"
130890217.03,"4,434"
130890217.07,"2,815"
130890217.08,"3,366"
130890217.09,"3,427"
130890217.10,"2,989"
130890217.11,"2,912"
130890217.12,"2,577"
130890218.08,"5,680"
130890218.12,"2,349"
130890218.13,"2,866"
130890218.15,"4,056"
130890218.16,"2,835"
130890218.17,"1,997"
130890218.18,"4,578"
130890218.19,"3,920"
130890218.20,"2,661"
130890218.21,"3,037"
130890218.22,"3,685"
130890218.23,"3,735"
130890218.24,"2,686"
130890219.06,"5,475"
130890219.08,"5,274"
130890219.10,"6,204"
130890219.11,"2,238"
130890219.12,"3,485"
130890219.13,"4,715"
130890219.14,"4,224"
130890219.15,"4,614"
130890219.16,"3,452"
130890219.17,"3,457"
130890220.01,"4,762"
130890220.05,"5,433"
130890220.07,"4,303"
130890220.10,"2,367"
130890220.11,"4,606"
130890220.12,"4,283"
130890220.13,"3,896"
130890220.14,"2,588"
130890220.15,"2,184"
130890220.16,"3,462"
130890221.00,"4,748"
130890222.03,"3,077"
130890222.05,"3,362"
130890222.06,"4,004"
130890223.02,"4,505"
130890223.03,"4,419"
130890223.04,"3,679"
130890224.01,"4,392"
130890224.03,"3,917"
130890224.04,"4,041"
130890224.05,"2,844"
130890225.01,"4,922"
130890225.02,"2,763"
130890226.01,"4,991"
130890226.02,"2,411"
130890227.00,"5,523"
130890228.00,"5,375"
130890229.00,"5,603"
130890230.00,"2,066"
130890231.01,"4,351"
130890231.02,"3,110"
130890231.07,"4,422"
130890231.08,"4,583"
130890231.11,"2,443"
130890231.12,"4,937"
130890231.13,"3,272"
130890231.14,"2,939"
130890231.15,"1,401"
130890232.09,"5,224"
130890232.11,"3,112"
130890232.12,"4,233"
130890232.13,"5,352"
130890232.14,"6,070"
130890232.15,"4,366"
130890232.16,"3,270"
130890232.17,"3,687"
130890232.18,"2,847"
130890232.19,"3,556"
130890232.20,"3,569"
130890232.21,"2,920"
130890232.22,"3,409"
130890233.11,"4,102"
130890233.13,"5,703"
130890233.15,"7,500"
130890233.17,"4,172"
130890233.18,"3,751"
130890233.19,"3,152"
130890233.20,"3,695"
130890233.21,"4,669"
130890233.22,"2,833"
130890233.23,"3,848"
130890233.24,"3,565"
130890233.25,"4,889"
130890233.26,"3,093"
130890233.27,"6,070"
130890233.28,"4,676"
130890233.29,"4,058"
130890233.30,"3,030"
130890233.31,"3,412"
130890233.32,"2,673"
130890234.10,"5,436"
130890234.11,"3,834"
130890234.13,"3,469"
130890234.22,"5,756"
130890234.24,"5,133"
130890234.25,"5,820"
130890234.26,"4,415"
130890234.27,"2,784"
130890234.29,"3,665"
130890234.30,"5,555"
130890234.31,"1,902"
130890234.32,"4,270"
130890234.33,"4,167"
130890234.34,"4,834"
130890234.35,"2,488"
130890234.36,"2,993"
130890234.37,"6,681"
130890234.38,"5,517"
130890234.39,"3,209"
130890234.40,"5,312"
130890234.41,"3,680"
130890234.42,"3,749"
130890234.43,"6,544"
130890234.44,"2,558"
130890234.45,"3,979"
130890234.46,"1,991"
130890234.47,"2,477"
130890234.48,"3,765"
130890235.01,"3,103"
130890235.04,"3,244"
130890235.05,"2,511"
130890235.06,"5,930"
130890235.07,"4,271"
130890236.01,"3,158"
130890236.02,"2,264"
130890236.03,"3,214"
130890237.01,"3,109"
130890237.02,"3,880"
130890238.01,"4,512"
130890238.02,"3,866"
130890238.03,"4,731"
130899800.00,0
130970801.04,"4,795"
130970801.05,"4,028"
130970801.06,"3,943"
130970801.07,"3,194"
130970802.01,"5,507"
130970802.03,"5,830"
130970802.04,"3,590"
130970803.03,"4,439"
130970803.04,"5,302"
130970803.05,"5,819"
130970803.06,"4,368"
130970803.07,"4,097"
130970804.03,"4,624"
130970804.05,"5,751"
130970804.06,"5,691"
130970804.07,"6,993"
130970804.08,"3,725"
130970805.05,"4,223"
130970805.06,"5,849"
130970805.07,"3,807"
130970805.08,"5,788"
130970805.09,"6,553"
130970805.12,"4,451"
130970805.13,"3,276"
130970805.14,"4,329"
130970805.15,"5,711"
130970806.02,"11,033"
130970806.05,"3,815"
130970806.06,"6,517"
130970806.07,"4,913"
130970806.08,"3,269"
131110501.00,"3,843"
131110502.00,"7,633"
131110503.00,"2,595"
131110504.00,"6,987"
131110505.00,"5,340"
131131401.02,"5,841"
131131401.03,"2,663"
131131401.04,"6,131"
131131402.03,"6,727"
131131402.04,"7,177"
131131402.06,"4,894"
131131402.07,"5,676"
131131402.09,"2,627"
131131402.10,"9,976"
131131403.03,"4,504"
131131403.04,"6,556"
131131403.05,"5,583"
131131403.07,"5,749"
131131403.08,"2,414"
131131403.09,"4,987"
131131404.03,"5,833"
131131404.04,"8,206"
131131404.05,"4,607"
131131404.06,"3,990"
131131404.08,"3,221"
131131404.09,"3,967"
131131404.10,"4,759"
131131405.01,"6,949"
131131405.02,"3,780"
131150001.00,"4,376"
131150002.02,"3,739"
131150002.03,"3,056"
131150002.04,"4,188"
131150003.00,"3,005"
131150004.01,"2,465"
131150004.02,"1,321"
131150004.03,"3,998"
131150005.00,"3,913"
131150006.00,"4,502"
131150007.00,"5,201"
131150008.00,"4,823"
131150009.00,"2,526"
131150011.00,"3,091"
131150012.00,"5,626"
131150013.01,"3,321"
131150013.02,"3,896"
131150014.00,"6,097"
131150016.00,"3,093"
131150017.03,"3,226"
131150017.04,"2,773"
131150017.05,"4,627"
131150017.06,"1,920"
131150018.00,"4,538"
131150020.00,"4,471"
131150021.00,"4,648"
131171301.01,"5,282"
131171301.02,"3,276"
131171301.03,"5,956"
131171301.05,"2,998"
131171302.01,"9,104"
131171302.02,"6,602"
131171302.03,"7,688"
131171302.04,"8,031"
131171302.05,"8,044"
131171303.01,"8,882"
131171303.02,"10,752"
131171303.03,"5,160"
131171303.04,"8,141"
131171303.05,"7,993"
131171303.06,"5,795"
131171303.07,"9,208"
131171304.06,"8,593"
131171304.09,"4,208"
131171304.10,"10,308"
131171304.11,"3,823"
131171304.12,"4,307"
131171304.13,"3,458"
131171304.14,"5,645"
131171304.15,"5,340"
131171305.03,"3,259"
131171305.04,"4,301"
131171305.05,"3,087"
131171305.06,"4,213"
131171305.07,"4,221"
131171305.08,"6,332"
131171305.09,"5,597"
131171305.11,"6,281"
131171305.12,"6,657"
131171306.01,"7,758"
131171306.02,"7,138"
131171306.03,"10,769"
131171306.04,"5,386"
131171306.05,"5,071"
131171306.06,"6,153"
131171306.07,"10,336"
131171306.08,"7,049"
131171306.09,"7,795"
131171306.10,"7,381"
131171306.11,"5,304"
131171306.13,"7,442"
131171306.14,"4,280"
131171306.15,"3,659"
131210001.00,"5,704"
131210002.01,"2,952"
131210002.02,"3,314"
131210004.00,"3,337"
131210005.01,"5,716"
131210005.02,"2,014"
131210006.01,"5,638"
131210006.02,"3,279"
131210007.00,"4,840"
131210010.01,"6,767"
131210010.02,"7,298"
131210011.01,"4,070"
131210011.02,"4,464"
131210012.03,"2,217"
131210012.04,"2,019"
131210012.05,"3,600"
131210012.06,"5,053"
131210013.01,"2,288"
131210013.02,"2,482"
131210014.00,"2,633"
131210015.01,"2,358"
131210015.02,"2,264"
131210016.00,"2,458"
131210017.01,"3,035"
131210017.02,"4,343"
131210018.01,"1,992"
131210018.02,"2,445"
131210019.01,"2,269"
131210019.02,"2,787"
131210021.00,"2,922"
131210023.00,"1,199"
131210024.00,"2,745"
131210025.00,"2,609"
131210026.00,"1,059"
131210028.01,"4,390"
131210028.02,"3,462"
131210029.00,"2,857"
131210030.00,"3,926"
131210031.00,"3,045"
131210032.00,"3,150"
131210035.00,"5,825"
131210036.00,949
131210037.00,338
131210038.00,"3,454"
131210039.00,"1,569"
131210040.00,"2,679"
131210041.00,"1,969"
131210042.00,"2,228"
131210043.00,"2,549"
131210044.00,"2,720"
131210048.00,"1,276"
131210049.00,"2,878"
131210050.00,"4,052"
131210052.00,"6,006"
131210053.00,"5,152"
131210055.01,"4,062"
131210055.03,"1,997"
131210055.04,"1,899"
131210057.00,"1,433"
131210058.00,"1,453"
131210060.00,"3,053"
131210061.00,"3,267"
131210062.00,"1,368"
131210063.00,"1,596"
131210064.00,"2,120"
131210065.00,"4,373"
131210066.01,"2,425"
131210066.02,"1,079"
131210067.01,"2,191"
131210067.02,"2,071"
131210068.01,"1,273"
131210068.02,"1,278"
131210069.00,"4,970"
131210070.01,"4,014"
131210070.02,"2,960"
131210071.00,"2,220"
131210072.00,"2,019"
131210073.01,"4,492"
131210073.02,"2,969"
131210074.00,"3,067"
131210075.00,"3,330"
131210076.02,"2,161"
131210076.03,"3,761"
131210076.04,"3,008"
131210077.03,"3,649"
131210077.05,"4,459"
131210077.07,"2,347"
131210077.08,"3,125"
131210077.09,"4,313"
131210077.10,"2,500"
131210077.11,"2,241"
131210078.05,"3,761"
131210078.06,"5,437"
131210078.07,"3,122"
131210078.08,"3,859"
131210078.09,"4,421"
131210078.10,"4,341"
131210079.00,"5,604"
131210080.00,"4,857"
131210081.03,"4,222"
131210081.04,"3,335"
131210082.02,"2,071"
131210082.03,"2,675"
131210082.04,"3,257"
131210083.01,"2,405"
131210083.02,"2,070"
131210084.00,"3,140"
131210085.00,"2,832"
131210086.01,"5,289"
131210086.02,"2,415"
131210087.01,"3,474"
131210087.02,"2,917"
131210088.01,"3,022"
131210088.02,"5,388"
131210089.03,"4,237"
131210089.05,"7,253"
131210089.06,"2,219"
131210089.07,"3,041"
131210089.08,"2,292"
131210089.09,"1,563"
131210090.01,"2,835"
131210090.02,"2,866"
131210091.03,"3,157"
131210091.04,"2,848"
131210091.05,"1,979"
131210091.06,"2,416"
131210092.01,"1,733"
131210092.02,"2,630"
131210092.03,"3,347"
131210093.01,"2,729"
131210093.02,"2,577"
131210094.05,"4,305"
131210094.06,"2,652"
131210094.07,917
131210094.08,"1,845"
131210094.09,"1,657"
131210094.10,"1,642"
131210094.11,"2,740"
131210095.01,"4,652"
131210095.03,"1,954"
131210095.04,"5,244"
131210096.01,"3,283"
131210096.04,"3,847"
131210096.05,"2,537"
131210096.06,"1,564"
131210096.07,"5,490"
131210097.00,"4,372"
131210098.02,"4,028"
131210098.03,"2,925"
131210098.04,"2,473"
131210099.00,"5,313"
131210100.03,"5,094"
131210100.04,"1,739"
131210100.05,"3,617"
131210100.06,"5,067"
131210100.07,"1,797"
131210101.06,"4,143"
131210101.07,"1,784"
131210101.08,"3,716"
131210101.15,"2,636"
131210101.17,"3,668"
131210101.20,"2,447"
131210101.21,"3,427"
131210101.24,"1,775"
131210101.25,"3,059"
131210101.26,"2,829"
131210101.27,"2,845"
131210101.28,"1,434"
131210101.29,"4,848"
131210101.30,"4,540"
131210101.31,"2,248"
131210101.32,"3,249"
131210101.33,"6,263"
131210101.34,"2,473"
131210101.35,"2,674"
131210101.36,"3,323"
131210101.37,"3,464"
131210102.04,"4,855"
131210102.11,"3,535"
131210102.12,"5,389"
131210102.13,"1,049"
131210102.14,"1,822"
131210102.15,"1,843"
131210102.16,"4,174"
131210102.17,"2,168"
131210102.18,"1,895"
131210102.19,"2,321"
131210102.20,"4,814"
131210102.21,"2,140"
131210102.22,"2,538"
131210102.23,"3,249"
131210103.05,"4,542"
131210103.06,"6,007"
131210103.07,"5,722"
131210103.08,"6,050"
131210103.09,"6,290"
131210103.10,"6,298"
131210103.11,"5,299"
131210103.12,"3,159"
131210103.13,"3,868"
131210103.14,"2,496"
131210103.15,"5,595"
131210104.01,"4,883"
131210104.02,"4,648"
131210105.08,"3,825"
131210105.17,"6,224"
131210105.18,"4,832"
131210105.19,"4,696"
131210105.20,"6,156"
131210105.21,"2,268"
131210105.22,"5,275"
131210105.23,"2,095"
131210105.24,"2,740"
131210105.25,"2,783"
131210105.26,"7,041"
131210105.27,"6,366"
131210105.28,"4,272"
131210105.29,"6,916"
131210105.30,"3,257"
131210105.31,"3,584"
131210105.32,"3,770"
131210105.33,"2,341"
131210105.34,"4,640"
131210105.35,"2,981"
131210105.36,"5,774"
131210105.37,"3,924"
131210105.38,"3,796"
131210105.39,"4,411"
131210105.40,"4,794"
131210106.01,"3,562"
131210106.03,"3,364"
131210106.04,"3,743"
131210108.01,"4,150"
131210108.02,"4,607"
131210110.00,"2,946"
131210111.00,"2,377"
131210112.02,"4,933"
131210112.03,"2,834"
131210112.04,"1,927"
131210113.01,"4,310"
131210113.06,"3,336"
131210113.07,"4,860"
131210113.08,"1,311"
131210113.09,"3,290"
131210113.10,"4,866"
131210114.16,"6,253"
131210114.17,"4,932"
131210114.19,"5,707"
131210114.21,"4,188"
131210114.22,"3,779"
131210114.23,"5,465"
131210114.24,"5,149"
131210114.26,"2,316"
131210114.28,"2,745"
131210114.29,"5,438"
131210114.30,"4,183"
131210114.31,"1,852"
131210114.32,"5,356"
131210114.33,"2,975"
131210114.34,"3,155"
131210114.35,"4,185"
131210114.36,"3,118"
131210114.37,"3,192"
131210114.38,"4,451"
131210114.39,"4,057"
131210114.40,"2,301"
131210114.41,"3,910"
131210114.42,"2,362"
131210114.43,"3,162"
131210114.44,"3,609"
131210114.45,"3,233"
131210114.46,"3,307"
131210115.05,"4,081"
131210115.07,"5,084"
131210115.08,"4,386"
131210115.09,"2,739"
131210115.10,"5,936"
131210115.11,"3,083"
131210115.12,"2,815"
131210115.13,"3,288"
131210115.14,"3,757"
131210115.15,"2,426"
131210116.12,"3,646"
131210116.18,"4,223"
131210116.24,"3,784"
131210116.27,"4,222"
131210116.28,"2,749"
131210116.29,"4,593"
131210116.30,"4,019"
131210116.31,"4,098"
131210116.32,"3,653"
131210116.33,"3,778"
131210116.34,"2,584"
131210116.35,"4,476"
131210116.36,"2,051"
131210116.37,"2,606"
131210116.38,"4,730"
131210116.39,"2,441"
131210116.40,"5,394"
131210116.41,"4,126"
131210116.42,"3,550"
131210116.43,"4,608"
131210116.44,"3,799"
131210116.45,"4,186"
131210116.46,"3,898"
131210116.47,"5,681"
131210116.48,"3,016"
131210116.49,"6,206"
131210116.50,"4,150"
131210116.51,"2,145"
131210116.52,"3,783"
131210116.53,"3,396"
131210116.54,"2,611"
131210116.55,"2,964"
131210116.56,"4,269"
131210116.57,"2,967"
131210116.58,"4,006"
131210116.59,"2,957"
131210116.60,"4,257"
131210116.61,"2,191"
131210118.01,"1,988"
131210118.02,"1,950"
131210119.01,"2,398"
131210119.02,"1,370"
131210120.00,"3,796"
131210123.00,"2,838"
131219800.00,0
131230801.00,"4,482"
131230802.00,"5,830"
131230803.01,"2,889"
131230803.02,"4,485"
131230804.01,"3,414"
131230804.02,"4,478"
131230804.03,"3,162"
131230805.00,"4,534"
131299701.01,"3,217"
131299701.02,"3,406"
131299702.01,"2,711"
131299702.02,"3,734"
131299703.01,"4,550"
131299703.02,"5,475"
131299704.00,"5,200"
131299705.00,"5,100"
131299706.01,"3,639"
131299706.02,"3,805"
131299707.00,"4,824"
131299708.01,"3,971"
131299708.02,"2,349"
131299709.01,"4,836"
131299709.02,"2,900"
131350501.05,"6,169"
131350501.10,"6,069"
131350501.11,"2,777"
131350501.12,"7,354"
131350501.13,"6,835"
131350501.14,"3,746"
131350501.16,"7,046"
131350501.17,"4,045"
131350501.18,"4,747"
131350501.19,"5,707"
131350501.20,"2,472"
131350501.21,"6,282"
131350502.05,"4,604"
131350502.15,"3,644"
131350502.18,"5,778"
131350502.19,"3,618"
131350502.21,"4,455"
131350502.22,"5,277"
131350502.23,"6,905"
131350502.24,"5,351"
131350502.26,"4,264"
131350502.27,"2,142"
131350502.28,"4,703"
131350502.29,"4,217"
131350502.30,"3,667"
131350502.31,"5,972"
131350502.32,"3,322"
131350502.33,"3,307"
131350502.34,"4,058"
131350502.35,"6,171"
131350502.36,"3,561"
131350502.37,"4,092"
131350502.38,"4,829"
131350502.39,"5,961"
131350502.40,"3,921"
131350502.41,"5,222"
131350502.42,"5,009"
131350502.43,"6,637"
131350502.44,"2,882"
131350503.06,"4,976"
131350503.08,"5,262"
131350503.11,"5,224"
131350503.15,"5,347"
131350503.17,"3,838"
131350503.18,"3,233"
131350503.21,"4,507"
131350503.22,"4,461"
131350503.23,"4,240"
131350503.24,"4,415"
131350503.25,"4,028"
131350503.26,"4,892"
131350503.27,"3,875"
131350503.28,"3,074"
131350503.29,"2,364"
131350503.30,"3,204"
131350503.31,"2,490"
131350503.32,"3,084"
131350503.33,"4,519"
131350503.34,"6,109"
131350503.35,"3,135"
131350503.36,"4,098"
131350504.15,"4,423"
131350504.16,"3,788"
131350504.25,"6,596"
131350504.27,"6,592"
131350504.30,"6,273"
131350504.33,"2,547"
131350504.35,"4,521"
131350504.37,"2,584"
131350504.38,"5,091"
131350504.39,"3,107"
131350504.40,"5,906"
131350504.41,"5,126"
131350504.42,"3,213"
131350504.43,"3,363"
131350504.44,"3,793"
131350504.45,"3,803"
131350504.46,"3,817"
131350504.47,"3,235"
131350504.48,"4,753"
131350504.49,"4,508"
131350504.50,"3,327"
131350504.51,"3,042"
131350504.52,"3,028"
131350504.53,"3,785"
131350504.54,"3,836"
131350504.55,"2,734"
131350504.56,"4,210"
131350504.57,"4,267"
131350504.58,"3,243"
131350504.59,"5,074"
131350504.60,"3,566"
131350504.61,"2,991"
131350504.62,"4,029"
131350504.63,"5,252"
131350504.64,"5,801"
131350504.65,"3,870"
131350504.66,"3,177"
131350505.20,"5,335"
131350505.26,"6,039"
131350505.29,"5,969"
131350505.30,"5,825"
131350505.36,"6,660"
131350505.37,"6,264"
131350505.39,"6,963"
131350505.41,"5,565"
131350505.42,"5,805"
131350505.49,"5,712"
131350505.50,"4,745"
131350505.51,"4,708"
131350505.52,"3,836"
131350505.53,"3,624"
131350505.54,"4,633"
131350505.55,"4,386"
131350505.56,"5,843"
131350505.57,"2,881"
131350505.58,"2,384"
131350505.59,"5,054"
131350505.60,"4,630"
131350505.61,"5,783"
131350505.62,"4,906"
131350505.65,"4,704"
131350505.66,"3,854"
131350505.67,"5,183"
131350505.68,"4,337"
131350505.74,"4,589"
131350505.75,"2,474"
131350505.76,"2,748"
131350505.77,"4,620"
131350505.89,"6,098"
131350505.90,"4,687"
131350505.91,"3,457"
131350507.15,"5,948"
131350507.19,"6,282"
131350507.22,"3,268"
131350507.25,"6,183"
131350507.29,"3,609"
131350507.32,"5,979"
131350507.33,"3,426"
131350507.34,"4,613"
131350507.38,"6,935"
131350507.39,"5,090"
131350507.49,"3,456"
131350507.50,"5,219"
131350507.56,"4,444"
131350507.57,"3,456"
131350507.60,"4,153"
131350507.61,"4,143"
131350507.62,"6,414"
131350507.63,"4,916"
131350507.64,"3,419"
131350507.65,"3,113"
131390015.02,"4,804"
131430101.00,"3,954"
131430102.01,"3,092"
131430102.02,"3,058"
131430103.01,"3,786"
131430103.03,"2,117"
131430103.04,"6,288"
131430104.01,"2,799"
131430104.02,"6,405"
131499701.00,"4,467"
131499702.00,"3,872"
131499703.00,"2,959"
131510701.09,"3,236"
131510701.13,"4,377"
131510701.14,"5,130"
131510701.15,"3,630"
131510701.16,"3,060"
131510701.17,"4,106"
131510701.18,"3,216"
131510701.19,"7,220"
131510701.20,"2,657"
131510701.21,"3,871"
131510701.22,"3,400"
131510701.23,"2,389"
131510701.24,"5,406"
131510701.25,"2,588"
131510701.26,"3,702"
131510701.27,"3,553"
131510701.28,"2,160"
131510702.04,"6,320"
131510702.06,"4,457"
131510702.07,"3,055"
131510702.08,"5,451"
131510702.09,"4,123"
131510702.10,"2,420"
131510702.11,"4,918"
131510702.12,"2,989"
131510702.13,"2,847"
131510702.14,"4,759"
131510702.15,"1,857"
131510702.16,"6,025"
131510703.07,"5,311"
131510703.10,"7,808"
131510703.12,"5,444"
131510703.13,"11,956"
131510703.14,"5,242"
131510703.15,"5,009"
131510703.16,"3,267"
131510703.17,"5,543"
131510703.18,"3,347"
131510703.19,"6,235"
131510703.20,"3,042"
131510703.21,"3,395"
131510703.22,"6,869"
131510703.23,"2,448"
131510703.24,"4,820"
131510703.25,"2,211"
131510704.05,"3,450"
131510704.06,"5,915"
131510704.07,"4,776"
131510704.08,"3,040"
131510704.09,"5,251"
131510704.10,"4,468"
131510704.11,"9,440"
131510704.12,"7,445"
131510705.03,"6,500"
131510705.04,"1,962"
131510705.05,"5,973"
131510705.06,"3,883"
131510705.07,"2,793"
131510705.08,"5,676"
131879601.06,"3,762"
131879602.03,"4,580"
131879602.05,"5,652"
131879602.06,"6,601"
131999707.01,"2,779"
131999707.02,"4,718"
132130101.00,"3,423"
132130102.01,"1,683"
132130102.03,"3,544"
132130102.04,"5,522"
132130103.00,"4,043"
132130104.01,"3,440"
132130104.02,"3,736"
132130105.00,"4,897"
132130106.00,"4,320"
132130107.00,"5,481"
132171009.03,"7,542"
132171009.05,"6,084"
132231201.04,"3,206"
132231201.05,"11,571"
132231201.06,"2,764"
132231201.07,"8,491"
132231201.08,"11,635"
132231201.09,"7,379"
132231201.10,"11,229"
132231201.11,"8,989"
132231202.03,"6,217"
132231202.05,"4,634"
132231202.06,"4,589"
132231202.07,"3,574"
132231202.08,"5,041"
132231203.01,"6,718"
132231203.03,"2,390"
132231203.04,"2,251"
132231203.05,"3,790"
132231203.06,"5,599"
132231203.07,"5,037"
132231204.01,"6,404"
132231204.02,"7,851"
132231204.03,"7,507"
132231205.03,"4,675"
132231205.04,"3,429"
132231205.05,"6,475"
132231205.06,"3,613"
132231205.07,"5,608"
132231206.01,"4,634"
132231206.03,"6,434"
132231206.04,"5,749"
132231206.05,"6,613"
132231206.06,"4,157"
132231206.07,"6,729"
132270501.01,"2,476"
132270501.02,"3,570"
132270502.01,"4,323"
132270502.02,"3,592"
132270503.00,"5,135"
132270504.00,"4,295"
132270505.00,"5,680"
132270506.01,"4,250"
132270506.02,"2,484"
132330101.00,"5,821"
132330102.01,"5,357"
132330102.02,"3,616"
132330103.00,"4,855"
132330104.00,"6,058"
132330105.00,"6,247"
132330106.00,"5,934"
132330107.00,"6,213"
132470601.01,"3,455"
132470602.01,"5,214"
132470602.03,"5,731"
132470602.04,"4,467"
132470603.10,"2,452"
132470603.11,"5,904"
132470603.17,"4,296"
132470603.18,"2,786"
132470604.03,"3,685"
132470604.06,"5,397"
132470604.07,"3,546"
132470604.08,"3,526"
132470604.09,"3,622"
132470604.10,"4,528"
132470604.11,"1,955"
132551601.01,"3,767"
132551601.02,"2,124"
132551602.01,"3,499"
132551602.02,"6,816"
132551603.00,"3,279"
132551604.01,"2,393"
132551604.02,"3,637"
132551605.00,"7,173"
132551606.00,"3,880"
132551607.01,"5,709"
132551607.02,"2,099"
132551608.00,"4,179"
132551609.00,"2,520"
132551610.00,"5,785"
132551611.00,"4,126"
132551612.01,"4,261"
132551612.02,"5,272"
132859601.01,"3,330"
132859601.02,"3,277"
132910001.01,"4,210"
132910001.03,"3,582"
132910001.04,"3,104"
132910002.01,"3,099"
132910002.04,"4,482"
132950201.01,"4,309"
132950201.02,"2,611"
132950202.00,"3,577"
132950203.01,"5,399"
132950203.02,"5,182"
132950204.00,"3,173"
132950205.03,"4,150"
132950205.04,"3,050"
132950205.05,"2,800"
132950205.06,"4,281"
132950206.01,"6,921"
132950206.02,"4,551"
132950207.01,"2,618"
132950207.02,"4,448"
132950208.00,"3,031"
132950209.02,"2,107"
132950209.03,"2,404"
132950209.04,"2,726"
133130001.01,"4,219"
133130001.03,"4,394"
133130001.04,"4,275"
133130002.00,"4,093"
133130003.01,"5,171"
133130003.03,"4,166"
133130003.04,"4,178"
133130004.01,"6,321"
133130004.02,"1,731"
133130005.01,"3,436"
133130005.02,"6,999"
133130006.00,"4,195"
133130007.00,"4,644"
133130008.01,"2,759"
133130008.02,"4,787"
133130009.00,"3,840"
133130010.00,"4,025"
133130011.00,"4,436"
133130012.00,"7,617"
133130013.00,"4,521"
133130014.00,"5,941"
133130015.00,"6,313"
280039501.00,"5,059"
280039502.01,"3,235"
280039502.02,"3,447"
280039503.00,"3,150"
280039504.01,"2,805"
280039504.02,"1,880"
280039505.01,"3,734"
280039505.02,"2,406"
280039506.00,"3,500"
280039507.00,"3,968"
280099501.02,"2,564"
280099502.00,"2,103"
280139501.00,"3,345"
280139504.00,"2,635"
280179501.00,"3,691"
280179502.00,"3,602"
280179503.00,"4,554"
280179504.01,"2,209"
280179504.02,"2,882"
280199501.00,"2,408"
280199502.00,"3,955"
280199503.00,"1,586"
280259501.00,"4,972"
280259502.00,"2,099"
280259503.00,"3,050"
280259504.00,"3,776"
280259505.00,"3,842"
280579501.00,"4,915"
280579502.01,"2,658"
280579502.02,"3,687"
280579503.00,"3,806"
280579504.00,"5,163"
280579505.00,"3,774"
280819501.01,"5,367"
280819501.02,"3,552"
280819502.02,"6,276"
280819502.03,"2,258"
280819502.04,"5,331"
280819503.01,"4,900"
280819503.02,"3,560"
280819504.01,"4,023"
280819504.03,"2,597"
280819504.04,"5,725"
280819505.01,"2,122"
280819505.02,"3,444"
280819506.01,"3,787"
280819506.02,"3,734"
280819507.00,"3,624"
280819508.00,"3,215"
280819509.01,"3,100"
280819509.02,"3,999"
280819510.01,"3,563"
280819510.02,"3,453"
280819511.01,"2,418"
280819511.02,"3,286"
280819800.00,0
280870001.02,"2,697"
280870001.03,"5,369"
280870001.04,"1,495"
280870003.01,"3,872"
280870003.02,"3,543"
280870004.03,"4,037"
280870004.04,"3,787"
280870004.05,"5,712"
280870004.06,"1,852"
280870005.00,"3,897"
280870006.00,"3,501"
280870007.00,"4,117"
280870008.00,"2,631"
280870009.01,"2,448"
280870009.02,"2,983"
280870010.00,"2,211"
280870011.00,"1,669"
280879800.00,"1,558"
280959501.01,"2,630"
280959501.02,"2,565"
280959502.01,"2,894"
280959502.02,"4,123"
280959503.00,"3,186"
280959504.00,"2,997"
280959505.01,"2,855"
280959505.02,"3,910"
280959506.00,"3,043"
280959507.00,"2,198"
280959508.00,"2,846"
281039501.00,"4,524"
281039502.00,"2,832"
281059501.01,"6,310"
281059501.02,"3,802"
281059502.01,"3,390"
281059502.02,"3,393"
281059503.00,"3,591"
281059504.01,"5,392"
281059504.02,"2,494"
281059505.00,"3,917"
281059506.01,"5,244"
281059506.03,"3,367"
281059506.04,"3,144"
281059507.01,"4,387"
281059507.02,"4,189"
281159501.01,"4,419"
281159501.02,"6,196"
281159502.00,"5,408"
281159503.00,"5,692"
281159504.00,"5,184"
281159505.00,"5,427"
281179501.01,"3,284"
281179501.02,"2,292"
281179502.01,"3,213"
281179502.02,"3,036"
281179503.01,"2,960"
281179503.02,"3,439"
281179504.00,"4,626"
281179505.00,"1,780"
281399501.00,"4,592"
281399502.01,"4,282"
281399502.02,"2,042"
281399503.00,"2,916"
281399504.01,"4,896"
281399504.02,"2,698"
281419501.01,"1,929"
281419501.02,"1,285"
281419502.00,"2,531"
281419503.01,"2,805"
281419503.02,"2,972"
281419504.01,"3,257"
281419504.02,"3,414"
281459501.00,"4,290"
281459502.00,"5,548"
281459503.00,"4,220"
281459504.00,"3,766"
281459505.00,"6,119"
281459506.00,"4,260"
281559501.00,"4,919"
281599501.00,"2,942"
370399303.00,"2,269"
370399304.01,"4,036"
370399304.02,"2,231"
370399305.01,"1,964"
370399305.02,"4,134"
370399306.03,"1,911"
370399306.04,"1,945"
370399306.05,"2,139"
370399306.06,"2,732"
470110115.01,"5,775"
470110115.02,"4,106"
470110116.01,"5,017"
470110116.02,"5,020"
470519606.00,"5,473"
470519607.00,"3,836"
470519608.00,"2,954"
470559204.00,"2,995"
470559206.00,"2,902"
470559207.00,"1,726"
470559208.00,"3,062"
470650004.00,"3,567"
470650006.00,"3,595"
470650007.00,"4,238"
470650008.00,"2,053"
470650011.00,"1,473"
470650012.00,"3,106"
470650013.00,"2,077"
470650014.00,"1,893"
470650016.00,"3,484"
470650018.00,"2,472"
470650019.00,"5,415"
470650020.00,"2,817"
470650023.00,"1,473"
470650024.00,"4,724"
470650025.00,"4,682"
470650026.00,"4,071"
470650028.00,"3,688"
470650029.00,"2,592"
470650030.00,"2,512"
470650031.00,"2,363"
470650032.00,"3,059"
470650033.00,"6,841"
470650034.00,"4,161"
470650105.02,"3,100"
470650107.00,"3,195"
470650108.00,"4,176"
470650109.01,"2,207"
470650109.02,938
470650109.04,"2,477"
470650112.03,"7,267"
470650112.04,"6,128"
470650112.05,"9,449"
470650112.06,"4,966"
470650113.11,"11,238"
470650113.14,"5,322"
470650113.21,"8,789"
470650113.23,"5,809"
470650113.24,"4,222"
470650113.25,"6,527"
470650113.26,"5,833"
470650114.02,"5,610"
470650114.11,"4,481"
470650114.42,"2,780"
470650114.44,"3,251"
470650114.45,"4,079"
470650114.46,"4,006"
470650114.47,"8,922"
470650114.48,"3,947"
470650114.49,"2,583"
470650116.00,"6,347"
470650117.00,"4,343"
470650118.00,"7,260"
470650119.00,"1,624"
470650120.00,"2,035"
470650121.00,"6,171"
470650122.00,"2,015"
470650123.00,"4,826"
470650124.00,"5,448"
470659801.00,0
470659802.00,0
470699505.00,"4,274"
470699506.00,"2,384"
470719205.01,"4,045"
470719205.02,"1,514"
470719206.00,"3,299"
470999606.00,"2,141"
470999607.00,"3,954"
470999609.00,"2,082"
471039752.00,"1,989"
471039753.00,"6,803"
471039754.00,"4,084"
471039755.00,"5,638"
471039756.01,"5,960"
471039756.02,"4,493"
471039757.00,"3,317"
471099305.01,"2,394"
471099306.00,"3,617"
471099307.00,"3,221"
471150501.01,"3,463"
471150501.02,"5,881"
471150502.01,"4,400"
471150502.03,"2,501"
471150502.04,"4,437"
471150503.01,"5,500"
471150503.02,"3,178"
471399501.00,"1,517"
471399502.04,"2,993"
471399503.00,"4,277"
471399504.00,"3,689"
471819503.00,"3,243"
471819504.00,"3,215"